-- phpMyAdmin SQL Dump
-- version 4.5.1
-- http://www.phpmyadmin.net
--
-- Host: 127.0.0.1
-- Generation Time: Jul 14, 2016 at 03:47 PM
-- Server version: 10.1.10-MariaDB
-- PHP Version: 5.6.19

SET SQL_MODE = "NO_AUTO_VALUE_ON_ZERO";
SET time_zone = "+00:00";


/*!40101 SET @OLD_CHARACTER_SET_CLIENT=@@CHARACTER_SET_CLIENT */;
/*!40101 SET @OLD_CHARACTER_SET_RESULTS=@@CHARACTER_SET_RESULTS */;
/*!40101 SET @OLD_COLLATION_CONNECTION=@@COLLATION_CONNECTION */;
/*!40101 SET NAMES utf8mb4 */;

--
-- Database: `softacadd`
--

-- --------------------------------------------------------

--
-- Table structure for table `blog`
--

CREATE TABLE `blog` (
  `id` int(11) NOT NULL,
  `image` varchar(255) DEFAULT NULL,
  `description` text,
  `name` varchar(255) DEFAULT NULL,
  `created_at` datetime DEFAULT NULL,
  `user_id` int(10) UNSIGNED NOT NULL
) ENGINE=InnoDB DEFAULT CHARSET=utf8;

--
-- Dumping data for table `blog`
--

INSERT INTO `blog` (`id`, `image`, `description`, `name`, `created_at`, `user_id`) VALUES
(29, 'ce108e5cd6ad8f0b008d5e50a284b7e73508fd7a.jpeg', 'Преди почивката или екскурзия ние правим планове и мечтаем. Купуваме нови дрехи и си блъскаме главата как се опаковат плавници. За да не засенчи нищо радостта от вашето пътуване, е важно да изберете надежден куфар, който ще запази всички неща в него цели. Предлагаме ви полезен списък на какво трябва да обърнете внимание при закупуването на куфар.\r\n\r\n1. Размер на куфара\r\n\r\nПравилно определете размера на куфара. За това трябва да си отговорите на няколко прости въпроса: куфарът е нужен само за вас или за цялото семейство? Какво вземате със себе си: ще има ли дебели дрехи, заемащи много място? Колко чифта обувки и какъв размер ще вземете: 35 или 47:)? Колко дълго ще е пътуването, колко комплекта дрехи ще са ви необходими?\r\n\r\n• Големият куфар е неразделна част от семейното пътуване! Просторен е, няма нужда да се чака за чекиране на багажа с много куфари, чанти, раници, както и носенето на голям брой такива. Трябва само да се имат предвид изискванията на авиокомпаниите към максимално допустимия размер на багажа. Често се среща стандарт – 158 см (сбор от всички размери) или 203 см. Например, авиокомпании като „Луфтханза“ не приемат багаж повече от 158 см. Запознайте се с изискванията на авиокомпаниите с които имате намерение да летите!\r\n• Средният куфар е най-популярния вариант. Обикновено това е куфар с височина от 60 до 71 см. (или с обем от 55 л до 80 л). Той е подходящ, както за един човек, така и за двама, ако пътуването не е твърде дълго и вещите не са много. Също така, когато тръгнете на почивка с цялото семейство, често е по-удобно да вземете 2 средни куфара, отколкото един голям.\r\n• Малкият куфар можете да вземете със себе си на борда на самолета или в автобуса без да се страхувате за неговата безопасност. Но такъв куфар не разполага с голяма вместимост, в него могат да се съберат вещите само на един човек за няколко дни. Така че, този вариант е идеален за бизнес пътуване или пътуване за уикенда. При избора на куфар за ръчен багаж важно е да запомните, че повечето авиокомпании за ръчен багаж приемат куфари с размери 40х55х20 (или 115 см общо).\r\n\r\n2. Материал на куфара\r\n\r\nВ магазините има огромен избор на куфари: червени, сини, оранжеви, цвят лайм, с рисунки и щампи, от плат, пластмаса и алуминий. Как да не се объркате и да направите правилния избор?\r\n\r\nПлатнени куфари\r\n\r\n• По-често имат възможност за увеличаване на обема. Обикновено се разширяват от 3-5 см, увеличавайки обема си 10-15%. Което ще е от полза, между другото, ако обичате да пазарувате по време на пътуване.\r\n• Джобове. Съществено предимство на платнените куфари – наличието на външни джобове, където могат да се сложат книги, списания, билети и други нужни за пътуването неща.\r\n• Няма да се разстроите от надраскване на куфара!\r\n• Цената! При еднакви размери и приблизително еднаква надеждност, цената на платнен куфар ще е малко по-евтина от пластмасов аналог.\r\n\r\nПластмасови куфари\r\n\r\n• Отлично запазват формата си, поради което по-добре защитават чупливи вещи.\r\n• Не се мокрят от дъжда.\r\n• Удобни за почистване. Лесно се почистват с обикновена влажна кърпа.\r\n• Имат 2 самостоятелни отделения, което ви позволява по-рационално да опаковате вещите си.\r\n\r\n3. Колела: 2 или 4?\r\n\r\nДве колела: обикновено са по-големи и вградени в корпуса или са разположени от двете страни. Трябва също да разчитате на собствените си сили. Двуколесните куфари трябва да се държат под ъгъл, а това е съществено натоварване на ръката: 30% от теглото на куфара пада върху ръката и гърба ви. Ако багажът ви е 40 килограма, то означава, че все едно носите на ръка 12 кг. Но много хора предпочитат точно двуколесните модели, тъй като при нужда от преместване на куфара по неравна повърхност това става по-лесно.\r\nПътуване с куфар на 4 колела е много удобно. Може да се бута лесно дори и с много тежък багаж, може да се справи дори дете.\r\nА за придвижване по неравни места производителите подсилват колелата: правят ги двойни или увеличават диаметъра на задните.\r\n\r\n4. Вътрешна организация на куфара\r\n\r\nВътрешната организация на куфара може да се различава при различните производители и различните модели. Днес в някои колекции куфари има много богато вътрешно разпределение. Освен стандартните ремъци и джобове, тук ще намерите калъфи за обувки, подвижни несесери или несесери от непромокаем материал, калъф за дрехи или специално отделение за делови костюм (вечерна рокля), закачалка за дрехи и други приятни неща. Така че, ако трябва да изглеждате добре при всяко едно пътуване, по-изгодно ще бъде да потърсите куфар с подобрена вътрешна организация.', 'Как да изберем куфар при покупка?', '2016-06-22 11:10:17', 5),
(30, '283f16d113b4c909b5d4ca85f100955183f24c7e.jpeg', 'Една любима на екипа ни дестинация, която често препоръчваме – почивки на Малдивите, се превърна в бум за екзотични почивки и екскурзии. Любители на екзотика, любители на далечни пътешествия, и такива, които харесват това, което и другите харесват се втурнаха да поръчват почивки на Малдивите.\r\nЗащо предлагаме оферти за Малдивите. Малдивите са островна държава в Индийски океан. Състои се от група атоли и на югозапад от Индия, приблизително на около 700 км югозападно от Шри Ланка. Малдивите са най-малката държава в Азия и по брой на население, и по територия – с обща площ 300 кв.км.\r\nНай-високата точка на островите е 2,3 метра над морското равнище, а средната им височина е 1,5 м.\r\n\r\nМале е столица на държавата. Намира се на най-големия от атолите.\r\n\r\nНа Малдивите нямат река или голямо езеро. Има недостиг на питейна вода. Температурата е между 24°C до 33°C.\r\n\r\nМалдивите са заселени преди повече от 2 хилядолетия.\r\n\r\nБудизмът е бил основна религия на Малдивите още по времето на великия Ашока, 3-ти век пр.н.е. Араби и персийци се заселват тук V-VI век. Ислямът навлиза като основна религия през 1153 г. Проповедникът на исляма се самопровъзгласява за султан и основава династия. Малдивите попадат под владичеството на Португалия (1558), а след това под това на Холандската Ост-Индия (1654). През 1887 стават протекторат на Англия. Получават независимост на 26 юли 1965, а на 11 ноември 1968 след проведен референдум са обявени за република. Момун Абдул Гаюм е президент на Малдивите през 1978 до 2008 година. Той е преизбиран 6 пъти в отсъствието на опозиция. След разрешаване на политическите партии с всенародни избори е избран Мохамед Нашид.\r\n\r\nДържавно устройство:\r\n\r\nМалдивските острови са президентска република. Президентът на Малдивите е държавен и правителствен глава и се избира пряко за 5 години и ръководи висшия изпълнителен орган – министерския съвет. Висшият законодателен орган на Малдивите (народният меджлис) е еднопалатен парламент от 50 депутата (8 от тях се назначават от президента, а 42 се избират за 5 години от населението).\r\n\r\nПолитическите партии са разрешени от 2005 на Малдивите:\r\nНародна партия на Малдивите, Партия на справедливостта, Ислямска Демократична партия, Демократична партия на Малдивите (издига кандидатурата на сегашния президент на Малдивите Мохамед Нашид)', 'Почивка на Малдивите – райска дестинация', '2016-06-22 20:03:40', 5),
(31, '514b80fec373db884d05f3566254308060841f54.jpeg', 'Австрия  е не само Виена и Залцбург, Моцарт и Щраус, великолепни дворци и опери, но и изобилие от ски курорти от световна класа. Условията за зимни спортове са великолепни, а цените изобщо не са шокиращи на фона на тези в българските ски центрове.\r\n\r\nИНСБРУК- столицата на австрийската федерална провинция Тирол е разположена в долината на река ИН, от където идва и името и Инсбрук. Освен с великолепни алпийски писти районът на Инсбрук разполага с чудесни условия за ски бягане( общата дължина на пистите е над 40 км, като дори има осветена писта за нощно каране) сноуборд и шейнички,  в спортния комплекс Olympia World можете да карате кънки, а можете да се пуснете и на олимпийската писта(улей) за бобслей, тобоган и скелетон, която е с дължина 1270 м, 14 завоя и денивелация от 124 м.\r\n\r\nКИЦБЮЕЛ- невероятно красив старинен град с неговите алпийски къщи, средновековни черкви и романтични калдъръмени улички. Общата дължина на пистите в района на Кицбюел е 186 км, като по-голямата част от тях са подсигурени и със снежни оръдия. До пистите се стига с  помощта на 56 модерни лифта, а по планинските склонове са разположени над 50 чайни и таверни, в които скиорите да се стоплят и подкрепят.\r\n\r\nЙОЦТАЛ- – долината на Йоцтал е известна като място, където на съвсем близко разстояние един до друг се намират два великолепни зимни курорта-Зьолден и Орергургл-Хохгургл. Това е алпийския курорт с нак-сигурна снежна покривка. Общата дължина на пистите в Зьолден е 150 км, а в Обергургл-Хохгургл е 110 км.\r\n\r\nИШГЛ- великолепни условия за ски. Местният ски център Силврета Арена е свързан с швейцарския курорт Замнаун. Писти с дължина 235 км., лифотве с капацитет 78 900 души в час, 31 снегорина. Редом с десетките за слалом, спускане и ски бягане в Ишгл се намира и една от най-дългите  писти за спускане с шейнички в Австрия- почти 7 км.\r\n\r\nШЛАДМИНГ-разположен между два планински масива- Планай и Хохвурцен-в провинция Щирия. Районът, заключен между тях, предлага алпийски писти с дължина 117 км, обслужвани от 52 лифта, а в случай че природата не прояви благосклонност и снегът закъснее, в действие влизат 612 ски оръдия.', '5 от най-добрите ски курорти в Австрия', '2016-06-22 20:05:12', 5),
(32, 'f9ef5db0bd71365a509f96e615a9734fb27a9a46.jpeg', 'Никое гурме преживяване в Италия не може да се сметне за пълноценно, ако вкусните ястия, които опитвате, не са съчетани с подходящо местно вино. В района на Тоскана избите и винарните просто процъфтяват благодарение на географските дадености и чудесния климат на тези места, а традиционно произвежданите вина могат да задоволят вкуса и на най-претенциозния винолюбител.\r\n  1. КИАНТИ КЛАСИКО\r\nПроизвежда се на много голяма територия в тосканските провинции Флоренция, Сиена, Арецо, Пиза, Пистоя и Прато. Виното е напълно сухо, с висока киселинност и аромат на червени череши и билки. Кианти върви с много храни от традиционната тосканска кухня и най-вече със сосове на доматена основа, затова комбинацията му с различни видове паста е най-честа. Комбинира се чудесно и с антипасти като различни видове салуми (колбаси), сирена, а по-леките вина Кианти успешно се съчетават и с риба, приготвена на скара.\r\n\r\n \r\n\r\n2. ВИН САНТО\r\nТова е тип десертно вино с аромат на бадеми и мед, което се произвежда на няколко места в Италия, като традиционното за Тоскана Вин Санто се прави от сортовете Требиано и Малвазия. Можете да се насладите най-пълноценно на вкуса на Вин Санто, ако го опитате заедно с традиционни тоскански десерти и сладкиши като например кантучини (вид бишкоти), които можете да топите в чашата с вино. Нивото на захарността при това вино може много да варира и да го намерите в няколко разновидности – от полусухо до много сладко.\r\n \r\n3. БРУНЕЛО ДИ МОНТАЛЧИНО\r\nТова превъзходно червено вино се произвежда в района на градчето Монталчино, на 120 км от Флоренция от разновидност на сорта санджовезе. Брунелото върви отлично с всякакъв вид печено месо и дивеч и по тази причина изборът му е класика, когато на масата е сервирана традиционната тосканска фиорентина (прочутият телешки бифтек по флорентински).\r\n\r\n  \r\n\r\n4. ВИНО НОБИЛЕ ДЕ МОНТЕПУЛЧАНО\r\nНобиле де Монтепулчано произхожда от лозята, опасващи градчето Монтепулчано в южната част на Тоскана. То е напълно сухо червено вино с умерено или високо съдържание на танини, висока киселинност, с аромати и вкусове на черни череши, сушени гъби и букет от билки. Произвежда се от минимум 70% санджовезе, като местната разновидност на сорта се нарича пруньоло джентиле. Върви добре с колбаси от свинско месо, печено агнешко месо, дивеч, талятеле със зехтин и печени гъби.\r\n\r\n \r\n\r\n5. САСИКАЯ БОЛГЕРИ florence_firenze_church - Copy\r\nСасикая Болгери е едно от най-изтънчените и скъпи вина в Италия. Произвежда се ексклузивно от винарната Tenuta San Guido, разположена около градчето Кастането Кардучи, близо до Ливорно. Характеризира се с дълбок рубиненочервен цвят и съдържание на нежни танини, а ароматът е с щедри нотки на стафиди, билки, дим. По небцето оставя много свеж, жив и плодов вкус (на къпини). Комбинира се чудесно с червени меса, паста, задушено месо и твърди сирена.', '5 вина, които трябва да опитате в Тоскана', '2016-06-22 20:08:16', 5),
(33, '765c6f36d00fa82264110fefbe7ab282aa9085e6.jpeg', 'Малцина българи пътуват до най-малкия от седемте големи Йонийските острови, или защото е сравнително по-отдалечен от България, или защото гърците го пазят само за своите ваканции – без чужди летовници, далеч от шума на по-големите и по-известни острови.\r\n\r\nНай-близки асоциации, с които да се опише този малък остров са „автентичност“, „некомерсиалност“ и „близо до природата“ – заради традиционните къщи, девствените плажове, малките и китни селца, усмихнатите и дружелюбни хора. Все едно се връщаш десетилетия назад и виждаш какво би било без модерна архитектура, огромни бетонни хотели, молове, атракциони и тълпи туристи… На нас те никак не ни липсваха, сега ще ви разкажем защо…\r\n\r\nПлажове\r\nПлажовете на острова са толкова много, че не може да ги обиколите всичките за седмица престой. Макар да звучи като клише, но наистина морската вода е кристално чиста и нереално прозрачна. Освен това малко преди обед придобива наситен тюркоазен оттенък. На изток най-красивият плаж е Калади, на запад – Ликодимос. На юг се пада Капсали, който за разлика от предишните, се води организиран т.е. с чадъри и шезлонги. Такъв е и красивият Мелидони, макар докато се спуска човек по черния път, да не очаква долу да завари някого изобщо…Но същото е и на т.нар. Добрите стари времена /Good old days/– чуден плаж, скътан между скалите в североизточната част: има си всичко и коктейли даже. Други хубави плажове ще откриете и около Диакофти, между Авлемонас и Палеопули, в Агия Пелагия. Последното градче се гордее поне с 5 плажа, някои от които едни от най-красивите и безлюдни, които имахме късмета да посетим – Лоренцо и Лимани. Общо взето, половината са с пясък, половината – с малки и гладки камъчета. Риболовците не биха скучали изобщо, а дребни рибки се виждат още до самия бряг с просто око.\r\nИнтересни места\r\n1. Милопотамос се оказа едно от най-автентичните места. Оживени улички, кафенета и ресторантчета, голяма и безупречно изглеждаща църква, спокойни хора, които за никъде не бързат…Наблизо има малък водопад, оттам минава и пътят до един от най-големите манастири на острова.\r\n2. Потамос – пазарно градче, на всяка крачка с пекарни и кафенета, стръмни улички и малко поизнервени шофьори от невероятната теснотия, но предимно сутрин… Вечер никой не бърза за никъде около гръцката салата и чашките ципурос (гръцка ракия)…\r\n3. Митата е изваден от някаква приказка…Пътят вие като серпентина и редува кипариси с пинии и човек се чуди, дали не е някъде в Тоскана… Приятно местенце, едно от най-високите в Китира, а там до старата църква стои и чака „Таверната на Михалис”, предлагаща идилична гледка и атмосфера…\r\n\r\nКак се стига до Китира\r\nКитира е малко встрани от останалите Йонийски острови и ако искате да си го представите на картата – намира се малко над Крит. За да стигнем до там с кола, трябваше да стигнем до Атина и след това да прекосим полуостров Пелопонес с крайна цел малкото и невероятно красиво градче Неаполи, откъдето тръгва фериботът.\r\nВъобще струва си човек да се отбие до повече места из Пелопонес, за да разгледа по-различната архитектура и живописните градчета като Спарта (пътят минава оттам), Коринтия, Каламата. По магистралата от Атина има отбивка за Микена, както и за куп други археологически места. Фериботът от Неаполи тръгва в 15:00 ч. и за час и 15 минути достига пристанището на остров Китира. На Китира има и летище, за който няма търпение да се придвижва с кола по пътищата на Гърция, обсипани с пунктове за събиране на такси. Обаче дори и да се доберете до Китира със самолет, за времето, прекарано на острова със сигурност ще ви е нужен автомобил.', 'Остров Китира: едно от скритите съкровища на Гърция', '2016-06-22 20:10:43', 5),
(34, '41dc79fc1b84ea6ed95280af4b87f237e8fa3bd5.jpeg', 'Понякога след много пътувания, човек започва да не се впечатлява толкова лесно от нова дестинация и улици, площади и катедрали, от които преди би изпаднал във възторг, вече не му изглеждат чак толкова невероятни. Попаднах точно в такъв момент в Хамбург и реших да не прелиствам нито обичайните брошурки в хотела, нито да чета в мрежата отговори на въпроса „Какво да правим в Хамбург”. А просто да изляза и да го открия по мой си начин, при това, както споменах, без особени очаквания.\r\n\r\nХамбург ме изненада! Удивителен град, истински отворен към света, в който посетителите му могат да намерят съвършено различни интереси и забележителни места, за да го обикнат и да се върнат там отново някой ден. И по-важното – да го запомнят. Добър е както за феновете на културни пътувания (макар да кажете, че те и без друго са любопитни към всичко :)), така и за любителите на развлеченията, шопинга, кулинарията и нощния живот.\r\n\r\nНа една и съща улица често се редуват ресторанти с местна кухня и такива от всички части на света, при това изглеждат в пълна хармония. Архитектурата е съчетание от най-различни стилове и периоди, без тази еклектика да дразни. „Св.Михаил” или просто Михел – една от петте главни лутерански църкви в Хамбург се смята за символ на града, а на стотина метра от нея се намират датска, финландска, шведска и т.н. църкви… Все едно в Хамбург живее цяла Европа, а защо не и целият свят!\r\nВ Хамбург витае особената и силно притегателна атмосфера на пристанищен град и сигурно именно тя подтиква хилядите туристи да купуват от безбройните магазинчета около Ландунгсбрюкен с умиление компаси, непромокаеми шуби, капитански шапки и други вещи, които най-вероятно никога няма да използват. Тъкмо заради пристанището на река Елба при вливането й в Северно море Хамбург съвсем уместно е наричан „врата към света”.\r\n\r\nКойто е обикалял различни градове знае, че има такива, в които човек лесно се губи и други, където това е невъзможно. Хамбург е с улици, които в повечето случаи не се пресичат под прав ъгъл и често може да се озовеш не там, за където си тръгнал, макар да можеш да се закълнеш, че се движиш точно според картата или по уличните табели. Но така пък се натъкваш на места, за които даже не си и подозирал :)', 'Моят Хамбург', '2016-06-22 20:12:52', 5),
(35, '1e38b3053564b68f2621f9b9ed9cd1a2ae939cfc.jpeg', 'Дубровник е запленяващо местенце и ако можеше да няма назад, щеше да е по-добре :) Но се върнахме. Маршрутът на отиване през Охрид – Тирана – Будва – Котор, а на връщане – през Босна и Херцеговина и Сърбия, не е лек, но пък дава възможност да се разгледат много места, при това доста различни като природа и архитектура, да се контактува с местните хора и въобще – да се добият лични впечатления за няколко балкански страни едновременно. В Охрид се чувствахме у дома си, в Монтенегро видяхме първата серия от средновековни укрепени градове – Будва и Котор, които имат безкрайно симпатично и романтично излъчване наред с целия Которски залив, а описваната като опасна за пътуване Босна и Херцеговина, на практика ни покори с хубавите си планини, все още в сняг през април, приятелски настроени и усмихнати хора, красиви градове. Любопитно ни беше да видим и прославената с „бясното” си развитие Тирана и „гигантския” скок на Албания, за който често се пише, но – признаваме си – за пръв път останахме равнодушни, ако не и скептични, към някаква страна, вероятно защото нямаме база за сравнение с минали години. Но питаме се, какво ли е било преди, щом сега Албания изглежда така?\r\n\r\nА Дубровник? Той като крайна цел на пътуването ни, си беше и естествена негова кулминация. Минавайки първо през Будва и Котор, където няколко дни изпадахме във възторг от старите каменни градове и тесните улички с портокалови дръвчета в миниатюрните вътрешни дворчета, човек започва да мисли, че едва ли нещо подобно ще го впечатли отново. Още по виещия се път към Дубровник, когато очертанията на града започват да се забелязват, разбираш, че това не е така. Дубровник е друго съкровище на Адриатика, със своите още по-големи измерения и още по-необятно историческо наследство.\r\n\r\nСнимките от Дубровник нямат нужда от никакви редакции, цветовете са си истински и ярки – тези на керемидените покриви, на бежовите стени на средновековния град и тюркоазения цвят на Адриатическо море… Крайбрежието на Дубровник е също изключително красиво и от всяка по-висока точка се откриват спиращи дъха морски пейзажи на насечения със заливи, полуострови и острови бряг и кръжащи лодки и яхти.', 'До Дубровник и назад', '2016-06-22 20:14:32', 5);

-- --------------------------------------------------------

--
-- Table structure for table `blog_images`
--

CREATE TABLE `blog_images` (
  `id` int(11) NOT NULL,
  `blog_post_id` int(10) UNSIGNED NOT NULL,
  `image` varchar(255) DEFAULT NULL
) ENGINE=InnoDB DEFAULT CHARSET=utf8;

--
-- Dumping data for table `blog_images`
--

INSERT INTO `blog_images` (`id`, `blog_post_id`, `image`) VALUES
(2, 30, 'b2179376d2300b2d79fb15b69b6b905e9e603548.jpeg'),
(3, 30, '69bcbae8fae474176ead1698287c0aa8137d6d40.jpeg'),
(4, 30, 'fda662acd21d99cd0545aea70527f2f1d4fce9cb.jpeg'),
(5, 30, '0b7b3b2e68e431063cea0a4bb14468f01f040293.jpeg'),
(6, 31, 'bfe6a3df4de6427f964945dd71f2ab3aefb6d38c.jpeg'),
(7, 31, '36bf84cc0438d6247f3d705ea3c22b1fa49c3a51.jpeg'),
(8, 31, 'bd5c171a5172df57ad50fe8c2abe5542cb8e864e.jpeg'),
(9, 31, '98596fd1108617029e66e55e6f3ae6952efe8ea9.jpeg'),
(10, 33, '5ccdf04c7dff1ae91eda81e3ef24d6eb909b0440.jpeg'),
(11, 33, 'e31719f3c8ca6ded95f1bc6cfdf95fe329426b93.jpeg'),
(12, 33, '50c29b68d2200e5bdb18cd3eda132426b5d34c48.jpeg'),
(14, 29, 'c63b01d5ccc88ec6d05c4ef7c40fb3e8e5f71ed3.jpeg');

-- --------------------------------------------------------

--
-- Table structure for table `categories`
--

CREATE TABLE `categories` (
  `id` int(11) NOT NULL,
  `name` varchar(45) DEFAULT NULL,
  `description` varchar(255) DEFAULT NULL,
  `image` varchar(255) NOT NULL
) ENGINE=InnoDB DEFAULT CHARSET=utf8;

--
-- Dumping data for table `categories`
--

INSERT INTO `categories` (`id`, `name`, `description`, `image`) VALUES
(1, 'Spain', 'Tours to Spain', 'spanish.png'),
(2, 'Italy', 'Tours to Italy', 'italy.png'),
(3, 'France', 'Trips to France', 'france.png'),
(7, 'Turkey', 'Trips to Turkey', 'Turkey.png'),
(8, 'Egypt', 'Trips to Egypt', 'egypt.gif'),
(12, 'Greece', 'Tours to Greece', 'greece.png'),
(13, 'Germany', 'Trips to Germany', 'germany.png'),
(14, 'Malta', 'Tours to Malta', 'malta.png'),
(15, 'Croatia', 'Trips to Croatia', 'croatia.png');

-- --------------------------------------------------------

--
-- Table structure for table `clients`
--

CREATE TABLE `clients` (
  `id` int(10) UNSIGNED NOT NULL,
  `username` varchar(60) DEFAULT NULL,
  `password` varchar(50) DEFAULT NULL,
  `email` varchar(50) DEFAULT NULL,
  `description` mediumtext
) ENGINE=InnoDB DEFAULT CHARSET=utf8;

--
-- Dumping data for table `clients`
--

INSERT INTO `clients` (`id`, `username`, `password`, `email`, `description`) VALUES
(6, 'client', '5baa61e4c9b93f3f0682250b6cf8331b7ee68fd8', 'elkjlgleagjelgjlegj', NULL),
(7, 'client2', '5baa61e4c9b93f3f0682250b6cf8331b7ee68fd8', 'jkhjkhkjhk', NULL),
(9, 'gazara23', 'c1e7233390e81e0669a911f20990b9198986f618', 'legjelkgl', ''),
(11, 'guzata', 'b6d43e02ad2b193dde1cc745e35f75690a02153b', 'gleskjglkegl', ''),
(13, 'lflehgjke', '777648d6160ea4eef8c4b64561884e3033a39dfd', 'ejlhgkehejk', NULL),
(14, 'bnsjkvghksj', 'aff0da98c785725ab434e41401491d1e9117dfdf', 'kjendkgdkjg', NULL),
(15, 'jknhjkbhkbk', '042a4b8596bd231cb39ad931a54a6b8e13e4bba5', 'qskjghjksg', NULL),
(16, 'lshfjkseghjkes', '5953db640934909d4c98560a4b835287179de12f', 'kgjekhedkgh', NULL),
(18, 'Tsveta', '5baa61e4c9b93f3f0682250b6cf8331b7ee68fd8', 'nonka@mail.bg', NULL),
(20, 'Charlie', 'dde09d3ac33788f8ecffe908a694c91d84e6a2db', 'alfjgklajgleag', ''),
(21, 'Atanas Tonkov', '5baa61e4c9b93f3f0682250b6cf8331b7ee68fd8', 'nasko@mail.com', NULL),
(22, 'Ivan30', '5baa61e4c9b93f3f0682250b6cf8331b7ee68fd8', 'ivan@abv.bg', ''),
(23, 'supata', '5baa61e4c9b93f3f0682250b6cf8331b7ee68fd8', 'supata@abv.bg', ''),
(25, 'tonchev', '5baa61e4c9b93f3f0682250b6cf8331b7ee68fd8', 'tonchev@fkaef.vom', '');

-- --------------------------------------------------------

--
-- Table structure for table `comments`
--

CREATE TABLE `comments` (
  `Id` int(11) NOT NULL,
  `blog_post_id` int(11) NOT NULL,
  `clients_id` int(11) NOT NULL,
  `description` mediumtext NOT NULL,
  `created_at` datetime NOT NULL,
  `approve` varchar(3) NOT NULL
) ENGINE=InnoDB DEFAULT CHARSET=utf8;

--
-- Dumping data for table `comments`
--

INSERT INTO `comments` (`Id`, `blog_post_id`, `clients_id`, `description`, `created_at`, `approve`) VALUES
(4, 29, 20, 'Haresva Mi mnogo!!!!!', '2016-06-22 21:49:19', 'yes'),
(31, 29, 18, 'Helooowwwww No', '2016-06-25 12:36:32', 'yes'),
(37, 30, 18, 'haresva mi!', '2016-06-25 13:08:15', 'yes'),
(38, 31, 18, 'Iskam na ski :)', '2016-06-25 13:09:10', 'yes'),
(39, 33, 6, 'Love Greece :)', '2016-07-01 10:14:27', 'yes'),
(40, 33, 6, 'Super Tour :)', '2016-07-01 10:17:47', 'yes'),
(41, 30, 6, 'Super e!!!!', '2016-07-08 22:04:22', 'yes');

-- --------------------------------------------------------

--
-- Table structure for table `contacts`
--

CREATE TABLE `contacts` (
  `id` int(11) NOT NULL,
  `name` varchar(255) NOT NULL,
  `email` varchar(255) NOT NULL,
  `phone` varchar(20) NOT NULL,
  `message` text NOT NULL,
  `status` varchar(10) NOT NULL
) ENGINE=InnoDB DEFAULT CHARSET=utf8;

--
-- Dumping data for table `contacts`
--

INSERT INTO `contacts` (`id`, `name`, `email`, `phone`, `message`, `status`) VALUES
(1, 'Nasko', 'nasko@gmail.com', '123456789', 'hellow', 'done');

-- --------------------------------------------------------

--
-- Table structure for table `tours`
--

CREATE TABLE `tours` (
  `id` int(11) NOT NULL,
  `name` varchar(255) DEFAULT NULL,
  `description` text,
  `image` varchar(255) DEFAULT NULL,
  `category_id` int(10) UNSIGNED NOT NULL
) ENGINE=InnoDB DEFAULT CHARSET=utf8;

--
-- Dumping data for table `tours`
--

INSERT INTO `tours` (`id`, `name`, `description`, `image`, `category_id`) VALUES
(49, 'ЗАКИНТОС', 'ЗАКИНТОС - СМАРАГДОВИЯТ ОСТРОВ\r\nЕкскурзия до о-в Закинтос с включен транспорт, 3 нощувки със закуски на острова, 2 нощувки със закуски в Месолонги и туристическа програма. Без нощни преходи!', '7008dbd320c76e4b8dd009278153759ebb4a6a16.jpeg', 12),
(50, 'МАДРИД', 'Уикенд в Мадрид с включени 3 нощувки и самолетен билет!', 'acd7c9d657f32a362c4ac626c89012f4991cb463.jpeg', 1),
(51, 'БАРСЕЛОНА', 'Уикенд в Барселона с включени 3 нощувки и самолетен билет!', '3a3b1351440b70038ea6f9139b8e7d3ea777332b.jpeg', 1),
(52, 'РИМ', ' Уикенд в Рим с включени 3 нощувки със заскуски и самолетен билет!', '12d86c8d2a03d9c98f1e8d884c0916a8bfba9ef0.jpeg', 2),
(53, 'ВЕНЕЦИЯ', 'ВЕНЕЦИЯ ОТБЛИЗО\r\nЕкскурзия до Венеция, Италия с посещение на Падуа и Триест! 2 нощувки в Загреб и Венеция/Тревизо + туристическа програма.', 'b8f8ff3cfe4a7270fb5f1b63341b0e8ecbba15ae.jpeg', 2),
(54, 'ПАРИЖ', 'ПАРИЖ - ЛЮБОВ И РОМАНТИКА\r\nПетдневна екскурзия до Париж със самолет с включени 4 нощувки със закуски, панорамна обиколка на града и водач от България.', '982b76df440d99f70e99a97fb24aa56db9f6c75d.jpeg', 3),
(55, 'ФРЕНСКА РИВИЕРА', ' Петдневна екскурзия с автобус до Лазурния бряг на Франция! Туристическа програма във Флоренция, Венеция, Княжество Монако, Кан, Ница, Антиб и Мантон.', '92b1704f20840befc31ae7a55e00e211a351613a.jpeg', 3),
(56, 'ИСТАНБУЛ', 'ИСТАНБУЛ - МЕЧТАНИЯТ ГРАД\r\nЧетиридневна екскурзия до Истанбул - столицата на четири империи. Програмата включва 3 нощувки със закуски в тризвезден хотел в Истанбул, туристическа програма, застраховка и екскурзоводско обслужване.', 'eb6329921c831618d18ff4a82323fdd6c37b06ae.png', 7),
(57, 'ЕГИПЕТ  ', 'ЕКСКУРЗИЯ ДО ЕГИПЕТ С КРУИЗ ПО Р.НИЛ \r\nМИСТИКА И РЕАЛНОСТ СЛЕТИ В ЕДНО, ОТПРАВЕТЕ СЕ КЪМ ТОВА НЕОБИКНОВЕНО ПЪТУВАНЕ С АТЛАС-S, ВОДЕЩО ВИ ДО БОСНЕНСКОТО ЧУДО - ПИРАМИДИТЕ! ', 'c83da2ba358daf25160bda42b3701e226c9fdf21.jpeg', 8),
(58, 'МЮНХЕН', 'МЮНХЕН - СЪРЦЕТО НА БАВАРИЯ\r\nПетдневна екскурзия до Мюнхен със самолет с включени 4 нощувки със закуски и туристическа програма в Мюнхен.', '28b9ce36125ad303ad9d7883de9c722f8bcadf7e.jpeg', 13),
(59, 'МАЛТА ', 'МАЛТА - ОСТРОВЪТ НА РИЦАРИТЕ\r\nЧетиридневена екскурзия до Малта със самолет с включени 7 нощувки със закуски, трансфери и водач от България.', '45d1222947364840752c537effb161d5c56a7888.jpeg', 14),
(60, 'ДУБРОВНИК И СПЛИТ', 'Четиридневна екскурзия до Дубровник и Сплит с включени транспорт, 3 нощувки със закуски в Нум и туристическа програма в Дубровник и Сплит.', 'a67a0e583073ff63ec120053c36052c727e5303f.jpeg', 15),
(61, 'САНТОРИНИ', 'САНТОРИНИ - ОСТРОВЪТ С НАЙ-КРАСИВИТЕ ЗАЛЕЗИ\r\nШестдневна екскурзия до остров Санторини с включен транспорт, 5 нощувки със закуски и туристическа програма. Без нощни преходи!\r\n', 'f259998d484a3a3752988a37a59b5716aac8b08f.jpeg', 12),
(62, 'БАВАРСКИ ЗАМЪЦИ', ' Екскурзия до Германия с автобус с посещение на двореца "Линдерхоф", замъка "Нойшванщайн", двореца "Херенкимзее", Мюнхен и езерото Блед.', '9727355a6363784ff7a585864aa83fd8f950e875.jpeg', 13),
(73, 'Розенхайм', 'Екскурсия до Росенхайм', '3ad9136f7cfca65149fb6c2e810b79d94aa31cb3.jpeg', 13);

-- --------------------------------------------------------

--
-- Table structure for table `tours_images`
--

CREATE TABLE `tours_images` (
  `id` int(11) NOT NULL,
  `tours_id` int(10) NOT NULL,
  `image` varchar(255) DEFAULT NULL
) ENGINE=InnoDB DEFAULT CHARSET=utf8;

--
-- Dumping data for table `tours_images`
--

INSERT INTO `tours_images` (`id`, `tours_id`, `image`) VALUES
(24, 50, 'ede5dbe61805bf9834b7b06ee966bfdef3de82b0.jpeg'),
(25, 50, '874affb69602fe34796859303073f645518477e4.jpeg'),
(26, 50, 'f46329a7af5de829ebc77900adfd0306f358432a.jpeg'),
(27, 50, '4c36747713a78b04c76314ca0b957393471fecdc.jpeg'),
(28, 50, '3833b71d933f62c4e638dca7d076aee1648f67ba.jpeg'),
(29, 49, 'f5b9ebeb19f8013d8dd20ca93b470a53abdbb1cd.jpeg'),
(30, 49, '923d0256805786e3f9484e32fe6e5291644e4462.jpeg'),
(31, 49, '759b83d6f50f84c753c9f8d93ab01a88e30d519c.jpeg'),
(32, 49, 'dfb7eaade7b66160996e5718d903d48786d093d2.jpeg'),
(33, 49, '4a872c8bb97785ba2317cd3daedc3e78c1d90cdc.jpeg'),
(34, 52, '738a42e8e16c0735671ca406985700abeb797268.jpeg'),
(35, 52, '990b8a39e2aceae5939fc33773bd11a1677dfc12.jpeg'),
(36, 52, '18a522ba8b8ea047feda79315d489445b5b81d39.jpeg'),
(37, 52, '225b98ee2baf376ae8017aa890df1ca65a7c28d2.jpeg'),
(38, 52, 'e7ad3d1014836c0b3739c18439f9eb938b6585e3.jpeg'),
(39, 52, '2c33e442aef03df69d8c004e03593cabcd653fce.jpeg'),
(40, 53, '8b1acdc35e79b0d29524759cc1f0b4c77a8bd148.jpeg'),
(41, 53, '9364a9675e1cc9fc5b205cfede17f8aaf9927c7e.jpeg'),
(42, 53, '76adc31dd80e78e59ddd8611691dcf2723ab03ac.jpeg'),
(43, 53, 'db09f86d987a08ce3fd2509ae6cd1f8a4d23d8d1.jpeg'),
(44, 53, 'd71f7189953e02c4932e88cb4b75f66e538e6567.jpeg'),
(45, 53, 'a54e23a65f40d1d8e80a661de8c13e7d702163cc.jpeg'),
(46, 54, '3c60fe03572a87c3434d76da40646108faa17061.jpeg'),
(47, 54, 'd855436b3422de49156bf622ff3250bf260cdd14.jpeg'),
(48, 54, 'c6752d4a0cbb903688feade740dabe036f134cd8.jpeg'),
(49, 54, '29b64215cd4e92eddf1e845665e846bf3a4f86ef.jpeg'),
(50, 54, '612e28e376d15a30d12ce19cd3801a254d4803b3.jpeg'),
(51, 55, 'ed93af2b0d4b05e455dcaae1e6ba6d170a1954ca.jpeg'),
(52, 55, '98f1c46f544f6da6104e6d58c0b82a79d7093231.jpeg'),
(53, 55, '83b0eae6f43106774ab40be2e8765c70acd27be6.jpeg'),
(54, 55, 'd075ef565c8b44555795200157d19873e5d066b0.jpeg'),
(55, 55, '5355fa13f4840ab268ad291a06d647e5e6a675cc.jpeg'),
(56, 56, '8eef98f4b349e47853b49b9ab63b436695e6bfdc.jpeg'),
(57, 56, '14ef8afcb23dbb98015f33256c4cb60459bd1aec.jpeg'),
(58, 56, 'c1e6235aef4c6433833277feda82e2c4b979db07.jpeg'),
(59, 56, '8448cccfe401d02ad32d16b8154f1ad9a25c4968.jpeg'),
(60, 56, '26a4798c89cf059096c5484ed7ad93d6f4a4d5fe.jpeg'),
(61, 56, '392eececb95e493f3439d41603b3a42383d5b0cb.jpeg'),
(62, 57, '614d50e91f549fbaf8a33086a9b510da2674898d.jpeg'),
(63, 57, 'ec6843a6f39123421cdd0b0b696059c329c97831.jpeg'),
(64, 57, '2f23b91e9726910f014f3dbb0bb1e5fa97ecfedc.jpeg'),
(65, 57, '01a9ba5496e7f9d68a8e16e8cc229c876dedb681.jpeg'),
(66, 57, 'f5ed23ee7ee2d47a364ce9f74f82d7c3785b89ad.jpeg'),
(67, 58, 'ddf6f922e3c0b6d25cfa74a3837eeedf86ed0b86.jpeg'),
(68, 58, '3d82d7f864d31361fed7001e90203b8bf4aedd9a.jpeg'),
(69, 58, 'd513cabf0806d554b708257a75964b63e17a2ec5.jpeg'),
(70, 58, '6a389bed3a847e381f58f9910b79c5babd13b059.jpeg'),
(71, 58, 'c2ebbf7e2d2b1d7060978d45fe8c7876927bad39.jpeg'),
(72, 59, 'c4a314e2e53cdde4c6d289f5b25a48b758a1733f.jpeg'),
(73, 59, '075a56ac59530a414860ffacbb0066bd33fa07a6.jpeg'),
(74, 59, '3482b9fb18037fa73d7ac6633a344a2c50a7abfb.jpeg'),
(75, 59, '03d7172479c6c1053c890b14263384c4f13e52ba.jpeg'),
(76, 59, '0ea7554ebb167a67332b554674df20086def4893.jpeg'),
(77, 59, '9d9ef8e469c61f9729d6bda9686b0783b7a2b93c.jpeg'),
(78, 60, '62d027cb796b8403becaa5a6ae412210e48ee4eb.jpeg'),
(79, 60, '771435b3cc799257dd46e476570aa3a31c1ea724.jpeg'),
(80, 60, '45448ddf3f85c963e2b401dce66e95192ca933f2.jpeg'),
(81, 60, '8688262b9df847b99db31236bde00641957b5cc1.jpeg'),
(82, 60, '92b0e39acf36a3177733f41ae7fc2de47f07028f.jpeg'),
(83, 60, 'ac98f067a456f9cee7b367a857647fa88fce7002.jpeg'),
(84, 60, 'a7c0ed5b59f0bea4635feecccf80a621e6e68356.jpeg'),
(85, 61, '027632cc7c5574779865f7212b70d9b0df61d005.jpeg'),
(86, 61, 'fbba0aaefa0a4478e6a2e82166d723a0f6fd77f7.jpeg'),
(87, 61, 'ff1dccafa918ebdc8ed0006448c1e0b703e53aba.jpeg'),
(88, 61, '3742398a3bfd8e4de825eaaf186416b5e1c2d07b.jpeg'),
(89, 61, '0d173275e34419ace08f4042e63da70cfe8db4f2.jpeg'),
(90, 61, '56e0015140e3193787e29c0a54b051ade3ee2245.jpeg'),
(91, 62, '560d94af29a522a12c7b3a3384bf0740c01b02f6.jpeg'),
(92, 62, '2015c87979e5222c2bad519b72f58aa33f332a51.jpeg'),
(93, 62, '7ddd67801e0b7e0193211f823d54fabf37f96ac6.jpeg'),
(94, 62, '7b0ef0decbd2beab495f0cc3915e07fae624df2c.png'),
(95, 62, 'c87dce0ad3e14329cea5672095b6ef8676445588.jpeg'),
(96, 62, '5c0c4b5ea24df24ee085ad9703b3d046557fe475.jpeg'),
(97, 62, 'd835b8a8bf77293981ebb183cc3d0a215a62267c.jpeg'),
(98, 51, 'f4371a135ffe987c5b34f1c9b488a35f90cd6312.jpeg'),
(99, 51, '78d7e3f627a1ab205c4b23d3251d5b20ca5cd823.jpeg'),
(100, 51, 'e891d41ab3804d3c9e82299c1bf5352c8bf3083a.jpeg'),
(101, 51, '18515cd90a9158fd7426a722b71ad3e9e098333c.jpeg'),
(102, 51, '40260d2d325f1488cf8470a476c0917e009388dd.jpeg'),
(103, 51, 'ba7c2d2ebe77193bdfdb6393400c796e70c7d7a5.jpeg');

-- --------------------------------------------------------

--
-- Table structure for table `tours_info`
--

CREATE TABLE `tours_info` (
  `Id` int(11) NOT NULL,
  `day_1` text NOT NULL,
  `day_2` text NOT NULL,
  `day_3` text NOT NULL,
  `day_4` text NOT NULL,
  `day_5` text NOT NULL,
  `day_6` text NOT NULL,
  `price_includes` text NOT NULL,
  `price_excludes` text NOT NULL,
  `additional_info` text NOT NULL,
  `price` int(11) NOT NULL,
  `tours_id` int(11) NOT NULL
) ENGINE=InnoDB DEFAULT CHARSET=utf8;

--
-- Dumping data for table `tours_info`
--

INSERT INTO `tours_info` (`Id`, `day_1`, `day_2`, `day_3`, `day_4`, `day_5`, `day_6`, `price_includes`, `price_excludes`, `additional_info`, `price`, `tours_id`) VALUES
(3, 'София – Янина – Месолонги - 740 km\r\nОтпътуване от София в 7.00 ч. от площад "Александър Невски", 7.30 ч. - Автогара "Сердика", Дупница - 8.30 ч., Благоевград - 9.00 ч., Сандански - 10.00 ч. по маршрут Кулата - Янина - Месолонги. Пристигане в ранния следобяд в Янина. Кратка пешеходна разходка в красивия езерен град. Свободно време. Отпътуване за Месолонги. Настаняване. Нощувка.', 'Месолонги – Остров Закинтос - 130 km\r\nЗакуска. Отпътуване за Килини. По обяд трансфер с ферибот до остров Закинтос. Настаняване. Пешеходна разходка в столицата Закинтос: площад "Св. Марк" с католическата църква и Музея на Соломос и Калвос - най-известните поети на Закинтос; площад "Соломос" с прекрасни сгради, отразяващи типичната атмосфера на Закинтос; Византийският музей и Градската библиотека; Храмът на Дионисий, патрон на острова. Нощувка.', 'остров Закинтос\r\nЗакуска. Свободно време за плаж или по желание - панорамна обиколка на остров Закинтос: Волимес - традиционно селище, чиито жители преживяват от собствено произведени суровини, и известно с ръчно изработените килими, покривки и пердета; Агиос Николаос, малко рибарско селище с красива гледка към Йонийско море; посещение на фабрика за зехтин за кратка беседа и възможност за закупуване на зехтин. Следобяд туристическа програма по желание: екскурзия до залива Лагана - с един от най-големите плажове на Гърция и естествено местообитание на средиземноморските костенурки Карета Карета, за разходка с корабче до остров Маратониси и наблюдение на костенурките "Карета-Карета". По желание и предварителна заявка - вечеря в таверна. Нощувка.', 'остров Закинтос\r\nЗакуска. Свободно време за плаж. Туристическа програма по желание - целодневна екскурзия с кораб до залива на контрабандистите с кораба претърпял крушение - най-екзотичното място на острова със спиращи дъха гледки. Свободно време за плаж и разглеждане на корабокруширалия кораб. Сините пещери, разположени в най-северния край на острова, наречени така заради ярко синият цвят на морската вода, която се отразява в тях. Нощувка.', 'остров Закинтос – Олимпия – Месолонги - 230 km\r\nЗакуска. Отпътуване за Олимпия - едно от светилищата на Зевс и мястото, където се провеждат първите Олимпийски игри. Посещение на древното селище с местен екскурзовод: храмът на Хера; храмът на Зевс; Нимфиума; стадионът; статуята на Пеоний; Гимназионът; Палестрата. Свободно време с възможност за посещение на музея на Олимпия. Настаняване в Месолонги. Нощувка.', 'Месолонги – София - 725 km\r\nЗакуска. Отпътуване за България. Пристигане в София на бензиностанция "Lukoil" (бул. "Сливница", след кръстовище Орион), Автогара "Сердика", площад "Александър Невски" вечерта.', '• Транспорт с комфортен туристически автобус (климатик, видеосистема, минибар) \r\n• 3 нощувки със закуски в хотел "Yria" 2*+ (или подобен) на остров Закинтос \r\n• 2 нощувки със закуски в хотел "Liberty" 3* (или подобен) в Месолонги \r\n• Пешеходна разходка в едноименната столица на остров Закинтос \r\n• Пешеходна разходка в Янина \r\n• Посещение на Древна Олимпия с местен екскурзовод (входната такса се заплаща допълнително) \r\n• Фериботни такси и билети \r\n• Застраховка "Помощ при пътуване в чужбина" с асистанс и лимит на отговорност 5 000 EUR на застрахователна компания "Армеец" \r\n• Екскурзоводско обслужване', '• Настаняване в хотел "Palatino" 4* на остров Закинтос \r\n• Панорамна обиколка на остров Закинтос \r\n• Екскурзия до залива Лагана за разходка с корабче \r\n• Целодневна екскурзия с кораб до Сините пещери и залива на контрабандистите с кораба претърпял крушение \r\n• Входни такси за Древна Олимпия (6 EUR) и музея на Олимпия (6 EUR) или комбиниран билет за двата музея (9 EUR) \r\n• Входни такси за други музеи, обекти и прояви, посещавани по желание, градски транспорт \r\n• Вечеря в таверна', '• Цената на допълнителните екскурзии и услуги, заплатени по време на пътуването е с 20% по-висока! \r\n• За да се реализират допълнителните услуги и мероприятия по програмата, е необходимо да ги заявите още при сключването на договора за организирано пътуване, тъй като осъществяването им е свързано с достигане на минимален брой туристи и с предварителни резервации. \r\n• В Гърция са валидни следните отстъпки от входните такси при посещение на музеи и археологически обекти: деца до 18 г. – безплатно (след показване на документ за самоличност); лица над 65 г. – 50 % намаление от стойността на входната такса (след показване на документ за самоличност); студенти, притежаващи международни студентски карти ISIC – безплатно (след показване на картата). \r\n• Място на отпътуване и връщане: Дупница – бензиностанция ”OMV”; Благоевград – бензиностанция Gazprom на изхода на града ; Сандански – бензиностанция ”OMV” на изхода на града. \r\n• Екскурзията се провежда при минимум 24 записани туристи.', 400, 49),
(4, 'Отпътуване от Летище София. Пристигане в Мадрид. Настаняване в хотел по избор и свободно време. Нощувка. Имате възможност да разгледате:\r\nЦентралният площад на Мадрид (Plaza Mayor)\r\nЦентралният площад на Мадрид се намира само на няколко преки от друг известен площад – Пуерта дел Сол. Той има правоъгълна форма с размери 129 на 94 м, като е заобиколен от жилищни сгради, чиито 237 балкона гледат към самия площад.\r\nБазилика Св. Мигел (Basílica San Miguel)\r\nБазиликата Св. Мигел е барокова римокатолическа църква в централната част на Мадрид. Построяването й се осъществява в периода 1739 – 1745 г. Базиликата се издига на място, където в миналото се е намирала енорийската църква Сантос Хусто и Пастор.\r\nКралска базилика Сан Франсиско ел Гранде (Real Basílica de san Francisco el Grande)\r\nКралската базилика Сан Франсиско ел Гранде е римокатолическа църква. Основната й фасада гледа към площад Сан Франсиско. Базиликата е изпълнена в неокласически стил през втората половина на XVIII век.', 'Свободно време. Нощувка.\r\nИмате възможност да разгледате:\r\nПлощад Сибелес (Plaza de Cibeles)\r\nПлощад Сибелес е неокласически комплекс от мраморни скулптури с фонтани, които са се превърнали в символ на Мадрид. Фонтанът на Сибелес е построен по време на управлението на Карлос III по проект на Вентура Родригес в периода 1777 – 1782 г.\r\nПарк Буен Ретиро (Parque del Buen Retiro)\r\nПаркът Буен Ретиро или просто Ел Ретиро е най-големият в града. Площта му е 1,4 кв.км и се намира в края на центъра на Мадрид. Той е изключителен, пълен с красиви скулптури и паметници.\r\nКатедрала Алмудена (Santa María la Real de La Almudena)\r\nКатедралата Алмудена е католическа катедрала в Мадрид, построена в периода 1879 - 1993 г. Изработката й е доста впечатляваща – съчетава неокласика с модернистични елементи.', 'Свободно време. Нощувка. \r\nИмате възможност да разгледате:\r\nПрадо (Museo Prado)\r\nПрадо е най-известната. Откакто е отворена преди двеста години, колекцията на галерията постоянно расте. И все пак най-добре познатите шедьоври са били там още при създаването и: Гоя и Веласкес, Тициан, Рубен и най-вече Бош. Затворен е в понеделник. Вход: 10 евро, безплатно за деца под 18 години.\r\nМузей Тисен – Борнемиса\r\nТози музей представя немски картини от XVII в., импресионизъм, руски конструктивизъм, поп изкуство, както и други стилове. Вход 8 евро. Безплатно за деца под 12 години с придружител. Адрес: Palacio de Villahermosa, Paseo del Prado 8\r\nМузеят Рейна София (Museo Reina Sofia)\r\nПоместен е в огромна бивша болница. Сградата датира от средата на XVIII в. и са добавени външни асансьори от прозрачно стъкло и стомана. Колекцията се състои главно от испански платна от XXв. , като най-известната от тях несъмнено е Guernica, на Пабло Пикасо. Вход: 6 евро\r\nКралския дворец (Palacio Real)\r\nКралският дворец в Мадрид е великолепно творение, създадено през 1764 г. Построен е, за да замести замъка Алкасар, който бил изгорял 30 години по-рано. Туристи се допускат почти из целия дворец, включително и в Оръжейната и Аптеката. Вход: 8 евро ( в сряда е безплатно за граждани на ЕС). Адрес: Plaza de Oriente', 'Отпътуване за България.\r\nИмате възможност да разгледате:\r\nМанастирът Сан Лоренцо де Ел Ескориал\r\nМанастирът Сан Лоренцо де Ел Ескориал се намира на 50 км северозападно от Мадрид. Основан е от Фелипе II и е построен, за да отбележи победата при Сан Куентин. Работата започва през 1563 г. и завършва през 1584 г., а мястото на манастира е избрано по съвети на астролози, доктори, философи, теолози и архитекти. Ел Ескориал е построен с идеята да запази симетрия и аскетичност, а в същото време да показва и силата на испанската корона. За това говорят помещенията на слугите, кралските покои (Горната къща) и покоите на принца (Долната къща). Манастирът е едно от най-посещаваните места около Мадрид.\r\nВратата Алкала (Puerta de Alcalá)\r\nВратата Алкала е неокласически паметник, разположен на площада на независимостта. Намира се близо до центъра на града и е на няколко метра от входа на парка Буен Ретиро.', '', '', ' • 3 нощувки в двойна стая; \r\n• Самолетен билет София - Мадрид- София на авиокомпания Wizz Air с включени летищни такси и малък ръчен багаж с размери 42 см. х 32 см. х 25 см.; ; \r\n• Медицинска застраховка.', '• Такса за допълнителен багаж: \r\n- Голям ръчен багаж с размери 56 х 45 х 25 см. - 40 лв. на човек. \r\n- Основен багаж до 32 кг. - 140 лв. на куфар. \r\n• Трансфер - летище - хотел;', 'Необходими документи: \r\n• Лична карта или задграничен паспорт, валидни минимум 6 месеца след датата на завръщане от екскурзията – копие от документа се предоставя в офиса на фирмата при депозитната вноска. Визи не се изискват. \r\n• За деца под 18 години – нотариално заверена декларация от единия или двамата родители – попълва се по образец. \r\n• Преди пътуването ще Ви осигурим нужната информация за лесен достъп и ориентация в града. \r\n\r\nПолетно разписание на Wizz Air : \r\n• София Терминал 1 - Мадрид Терминал 1: 18:00 - 20:55 \r\n• Мадрид Терминал 1 - София Терминал 1: 21:30 - 01:55', 650, 50),
(5, 'Отпътуване от България. Настаняване в хотела. Нощувка.', 'Свободно време. Нощувка.\r\nИмате възможност да разгледате:\r\nСaграда Фамилия (Sagrada Familia)\r\nЕдна от най-уникалните сгради в света. Строежът й започва през 1882 г. по проект на архитект Антонио Гауди. Всъщност работата на Гауди може да бъде видяна из цяла Барселона. Строежът на катедралата спира през 1926 г., когато Гауди умира. По време на строежа на Саграда Фамилия Антонио Гауди е толкова обзет от строежа на храма, че заживява в постройка в близост до него. Преди смъртта му е построена само една от кулите на храма, които по план са 12. Досега са построени общо осем. Строежът й се финансира от частни дарения, предвижда се до 2032 г. Саграда Фамилия да бъде завършена. Адрес C. Mallorca 401\r\nНоу Камп (Nou Camp)\r\nФутболен клуб Барселона е много повече от клуб. Понякога се усеща сякаш той носи гордостта на цялата нация на раменете си. Дори и тези, които не се интересуват от футбол ще харесат посещението на стадиона. Адрес: Avinguda d’Arístides Maillol\r\nЛа Педрера или Каса Мила (La Pedrera; Casa Mila)\r\nАко нямате време да посетите всичко свързано с работата на Гауди, посетете поне това място. Строежът на сградата е възложена на Антонио Гауди от индустриалеца Пере Мила. Нито една от стените на жилището не е права, фасадата на сградата е вълниста с множество железни балкони, различни един от друг. На последния етаж на Ла Педрера се намира и музеят на Гауди. Адрес: Provença 261-265', 'Свободно време. Нощувка.\r\nИмате възможност да разгледате:\r\nДворец на каталунската музика (Palau de la Música Catalana)\r\nНе е точно като архитектурата на Гауди, но тази концертна зала, построена преди сто години от Доменек Монтанер, представя много от модернизма. Дворецът е от значение не само за каталунското музикално наследство, но като цяло за музиката. Адрес: C/ Palau de la Música 4-6\r\nМузеят „Пикасо“\r\nСъединяването на дворец от ХІІІ в. с друг от ХІХ в. осигурява красива среда за един от най-интересните испански музеи, задължително място за почитателите на Пикасо. Като се почне от детските скицници и драскулки тук и там на деветгодишния художник (роден в Малага през 1881 г.), музеят осигурява рядката възможност да се проследи еволюцията на Пикасо като художник, особено в неговите ранни творби.\r\nСанта Мария дел Мар (Santa Maria del Mar)\r\nНай-красивата църква в града и вероятно най-добрата каталунска готическа постройка, с малко по-изчистена архитектура от обичайната готическа. Църквата създава усещането за обемност и богатство, личащо от фините стълбове и богато украсените куполи. Адрес: Plaça Santa Maria 1\r\nПарк де Колсерола (Parc de Collserola)\r\nЗелената част на града. Веднага след края на града има парк с площ от 8000 хектара – 22 пъти по-голям от Central Park в Ню Йорк, както управниците му обичат да изтъкват. В него има всичко – от прекрасни градинки до луксозни хотели, но преди всичко големи свободни райони, в които може да почивате или да карате колело. До самият парк може да се стигне само с влак: от гара Каталония (Catalunya Station) вземете влака до Тераса (Terrassa) или Сабадел (Sabadell) и слезте на Байксадор де Валвидрера (Baixador de Valvidrera). Близко до спирката има информационен център на парка. Адрес: C/l’Església 21', 'Свободно време. Отпътуване за България.\r\nИмате възможност да посетите:\r\nКатедралата на Барселона (Cathedral of Santa Eulalia)\r\nКатедралата Св.Еулалия или Катедралата на Барселона е готическа катедрала, която е и седалище на архиепископа на Барселона. Катедралата е строена в периода от XIII в. до XV в.\r\nТриумфална арка (Arc de Triomf)\r\nТриумфалната арка e построена за световното изложение през 1888 г. Тя е творение на архитекта Йосеп Виласека и Казанова. Построена от червени тухли в мавритански стил. На предният фриз има надпис „Барселона приветства всички нации“, на задния фриз пише „възнаграждение“.\r\nПлощад Каталуния (Plaça Catalunya)\r\nПлощад Каталуния е голям площад, намиращ се в централната част на Барселона. Той се счита за центъра на Барселона. Самият площад е пресечна точка на няколко по – известни булеварди като Ла Рамбла, Рамбла де Каталуния, де Грация и др.\r\nСтатуята на Колумб (Columbus Monument)\r\nСтатуята на Колумб е 60 – метров паметник на Христофор Колумб. Паметникът е построен за световното изложение на Барселона. Намира се на края известната улица Ла Рамбла. Мястото на паметника не е избрано случайно.\r\nБолница на Св. Кръст и Св.Пол (Hospital de la Santa Creu i Sant Pau)\r\nБолницата на Св. Кръст и Св. Пол е комплекс, построен в периода 1901 – 1930 г. и е творба на модерниста Луис Доменек и Монтанер. Тя е вписана в списъка за историческо наследство на ЮНЕСКО.', '', '', '• 3 нощувки в двойна стая; \r\n• Самолетен билет София - Барселона - София на авиокомпания Wizz Air с включени летищни такси и малък ръчен багаж с размери 42 см. х 32 см. х 25 см.; ; \r\n• Медицинска застраховка.', '• Такса за допълнителен багаж; \r\n• Трансфер - летище - хотел;', 'Необходими документи: \r\n• Лична карта или задграничен паспорт, валидни минимум 6 месеца след датата на завръщане от екскурзията – копие от документа се предоставя в офиса на фирмата при депозитната вноска. Визи не се изискват. \r\n• За деца под 18 години – нотариално заверена декларация от единия или двамата родители – попълва се по образец. \r\n• Преди пътуването ще Ви осигурим нужната информация за лесен достъп и ориентация в града. \r\n\r\nПолетно разписание на Wizz Air : \r\n• София Терминал 1 - Барселона Терминал 2: 18:40 - 20:40 \r\n• Барселона Терминал 2 - София Терминал 1: 21:15 - 00:50', 700, 51),
(6, 'Отпътуване от Летище София. Пристигане в Рим. Настаняване в хотел по избор. Нощувка.', 'Закуска. Свободно време. Нощувка.\r\nПрепоръчваме Ви да разгледате:\r\nКолизеумът - най-големият амфитеатър от древноримската епоха; Римският форум - сърцето на античния Рим, където е бил съсредоточен политическият, религиозен и търговски живот на града; величествената Арка на Константин, издигната в чест на победата над император Максенций; Колоната на Траян - уникален паметник, покрит със спираловидни релефи; площад "Венеция" и църквата "Сан Клементе" с гроба на Константин-Кирил Философ.', 'Закуска. Свободно време. Нощувка.\r\nПрепоръчваме Ви да разгледате:\r\nПлощад "Испания", където в миналото са живели много известни личности като Байрон, Гьоте, Стендал, Балзак и едно от най-предпочитаните от туристите място в Рим с прекрасна гледка към целия град; църквата "Санта Тринита дей Монти"; Фонтанът "Ди Треви" - най-известният и най-красивият в цяла Италия - шедьовър на бароковата архитектура, в чийто център се издига бог Нептун със своята колесница във формата на раковина; площад "Навона" и Пантеона. Туристическа програма по желание: посещение с местен екскурзовод на Ватиканските музеи – богати колекции от безценни произведения на скулптурата и изобразителното изкуство, религиозни книги и документи, разкриващи развитието на католицизма и на целия свят, едно от най-пълните представяния на египетската и етруската цивлизация; Сикстинската капела с неповторимите стенописи на Микеланджело.', 'Закуска. Отпътуване за България.', '', '', '• 3 нощувки със закуски в двойна стая в избран хотел \r\n• Самолетен билет София - Рим (Чампино) - София на авиокомпания Wizz Air с включени летищни такси и малък ръчен багаж с размери 42 см. х 32 см. х 25 см. \r\n• Медицинска застраховка', '• Такса за допълнителен багаж \r\n• Трансфер: летище - хотел - летище \r\n• Градска такса - 2 евро на ден на човек за 3* хотел и 3 евро на ден на човек за 4* хотел (заплаща се на рецепция)', 'Необходими документи: \r\n• Лична карта или задграничен паспорт, валидни минимум 6 месеца след датата на завръщане от екскурзията – копие от документа се предоставя в офиса на фирмата при депозитната вноска. Визи не се изискват. \r\n• За деца под 18 години – нотариално заверена декларация от единия или двамата родители – попълва се по образец. \r\n• Преди пътуването ще Ви осигурим нужната информация за лесен достъп и ориентация в града. \r\n\r\nПолетно разписание: \r\nСофия - Рим Чампино 12:20 - 13:10 \r\nРим Чампино - София 13:40 - 16:20', 600, 52),
(7, 'София – Загреб - 800 km\r\nСпециално предложение! Нощувка в хотел "Хемус" ***. 7.00 ч. отпътуване София от площад "Александър Невски" (началото на ул. "Оборище"), 7.30 ч. - Автогара "Сердика" по маршрут Белград - Загреб. Настаняване в Загреб вечерта. Нощувка.', 'Загреб – Триест – Падуа – Венеция - 480 km\r\nЗакуска. 8.00 ч. – отпътуване за Триест. Пристигане в Триест сутринта. Пешеходна разходка: площад "Унита д`Италия" - сърцето на Триест; Площадът на Борсата с масивната сграда на старата стокова борса; "Борго Терезиано" - квартал, който процъфтявал по време на управлението на Мария Терезия; Римският театър. Отпътуване за Падуа. Пешеходна разходка в центъра на Падуа: Светият площад с базиликата "Сан Антонио"; параклисът "Сан Джорджо"; Статуята на Еразмо Гатамелата; площад "Прато делла Вале" и базиликата "Санта Джустина". Настаняване в района на Венеция/Тревизо. Нощувка.', 'Венеция – София - 1130 km\r\nЗакуска. 8.00 ч. - напускане на хотела. Отпътуване за Венеция – необходимо е ползване на местен и градски транспорт. Пешеходна разходка с местен екскурзовод (минимум 1 ½ ч.): площад "Сан Марко"; едноименната Катедрала; Камбанарията; Дворецът на дожите; Мостът на въздишките. Разходка до моста "Риалто". По желание посещение на "Двореца на Дожите". Свободно време. Отпътуване за хотела в 17.00 ч. Отпътуване за България.', 'София\r\nПристигане в София на бензиностанция "Lukоil" (Западен парк, бул. Сливница до Орион), площад "Централна гара" и площад "Александър Невски" (началото на ул. "Оборище") следобед.', '', '', '• Транспорт с комфортен туристически автобус (климатик, видеосистема, минибар) \r\n• 1 нощувка със закуска в хотел *** в района на Загреб \r\n• 1 нощувка със закуска в хотел *** в района на Венеция/ Тревизо \r\n• Пешеходна разходка във Венеция с местен екскурзовод \r\n• Пешеходна разходка в Триест и Падуа \r\n• Застраховка "Помощ при пътуване в чужбина" \r\n• Екскурзоводско обслужване', '• Такса престой в Италия, която се заплаща на рецепцията на всеки хотел - 2-4 EUR на турист на ден (в хотел 2* и 3 *) и 4-6 EUR на турист на ден (в хотел 4*) \r\n• Доплащане за слушалки по време на пешеходната разходка във Венеция (3 EUR) \r\n• Двупосочен билет за корабче до Венеция \r\n• Билет за местен транспорт до Венеция (около 7 EUR) \r\n• Посещение на "Двореца на Дожите" във Венеция \r\n• Входни такси за други музеи, обекти и прояви, посещавани по желание, местен и градски транспорт', 'Необходими документи: \r\n• Лична карта; \r\n• Деца под 18 годишна възраст пътуващи с единия родител е необходимо да представят нотариално заверено пълномощно за съгласието от непътуващия с групата родител. \r\n\r\n• Валутни курсове: \r\n1 лв = 0,52 EUR \r\n• Часова разлика: \r\nБългария 12 ч. \r\nИталия 11 ч.', 280, 53),
(8, 'София – Париж\r\nОтпътуване в 06.10 ч. от Терминал 1 на летище София с полет на авиокомпания "Wizz Air" за Париж. Пристигане в 08.10 ч. на летище Буве. Трансфер до Париж за панорамна обиколка с екскурзовод на български език: Парижката "Света Богородица" – едно от най-великолепните постижения на готическата архитектура; Латинският квартал и Сорбоната; Пантеонът, превърнат в мавзолей за "великите хора от епохата на Френската революция"; Домът на инвалидите; Люксембургската градина с Люксембургския дворец, където сега заседава Сенатът; площад "Конкорд", на който за пръв път е издигната гилотината; Мадлената, построена в стил гръцки храм; Гранд Опера; площад "Вандом"; булевард "Шан-з-Елизе"; Триумфалната арка; площад "Трокадеро" и Айфеловата кула. Трансфер до хотела. Настаняване. Свободно време - необходимо е ползване на градски транспорт. Нощувка.', 'Париж – Дворецът "Версай" – Париж - 40 km\r\nЗакуска. Свободно време в Париж - необходимо е ползване на градски транспорт или туристическа програма по желание: полудневна екскурзия до двореца "Версай" – дворецът на Краля Слънце Луи ХІV: Големите апартаменти и огледалната зала. Разходка в градините на замъка (при хубаво време). Нощувка.', 'Закуска. Свободно време в Париж – необходимо е ползване на градски транспорт. По желание разходка с панорамно корабче по Сена около историческите острови Ла Сите, на който е основан Париж през 3 век пр. Хр., и Сен Луи – по-малкият от двата острова, създаващ почти провинциална атмосфера и спокойно място за разходка (необходимо е ползване на градски транспорт). По желание посещение с екскурзовод на български език на Лувъра – най-големият музей на изкуствата в Европа, чиято най-прочута творба без съмнение е "Мона Лиза" на Леонардо да Винчи – необходимо е ползване на градски транспорт. Нощувка.', 'Париж – замъкът Фонтенбло – Барбизон – Замъците по Лоара – Париж - 450 km\r\nЗакуска. Свободно време в Париж (необходимо е ползване на градски транспорт) или туристическа програма по желание (избира се една от двете екскурзии): 1. Екскурзия с местен екскурзовод до замъка "Фонтенбло" – построен през 12 век, днес замъкът пази спомените за знаменити френски крале като Анри II, Анри IV, Франсоа I и Филип IV Хубавия и посещение на Барбизон, известен като селището на художниците. 2. Целодневна екскурзия до замъците по Лоара: посещение на замъка "Шенонсо" – един от най-романтичните замъци, живописно стъпил на двата бряга на река Шер, построен в края на 15 в.; посещение на замъка "Амбуаз" – внушителен замък на брега на река Лоара, където по време на метежите през Религиозните войни се криела Катерина Медичи и на средновековния замък "Кло-Люсе" – дом музей на Леонардо да Винчи; посещение на винарска изба с дегустация на местни вина. Нощувка.', '', '', '• Самолетен билет и летищни такси София - Париж - София на авиокомпания "Wizz air" с включен малък ръчен салонен багаж с размери 42/32/25 см \r\n• Групов трансфер летище - хотел - летище \r\n• 4 нощувки със закуски в хотел "Ibis Paris La Defense Centre" *** или "Paris Neuilly" **** (за дата на отпътуване 02.05) / хотел "Timhotel Bertier" *** (за дата на отпътуване 06.06) / хотел "Terminus Vaugirard" *** (за дата на отпътуване 26.09) или подобни в Париж \r\n• Панорамна обиколка на Париж с местен екскурзовод на български език \r\n• Застраховка "Помощ при пътуване в чужбина" с асистанс и лимит на отговорност 10 000 EUR на застрахователна компания "Армеец" \r\n• Водач от България', '• Туристическа такса престой в Париж (от 1.50 EUR до 5 EUR на турист на ден в зависимост от хотела) \r\n• Голям салонен багаж до 10 кг с размери 56/45/25 см \r\n• Чекиран багаж до 23 кг \r\n• Чекиран багаж до 32 кг \r\n• Разходка с корабче по р. Сена \r\n• Посещение на Лувъра с местен екскурзовод \r\n• Посещение на двореца "Версай" с местен екскурзовод \r\n• Екскурзия до замъка "Фонтенбло" и Барбизон с местен екскурзовод \r\n• Целодневна екскурзия до замъците по Лоара \r\n• Посещение на Айфеловата кула (17 EUR за 1-ви, 2-ри и 3-ти етаж) \r\n• Входна такса за замъка "Амбуаз" (10,90 EUR) \r\n• Входна такса за градините на двореца "Версай" (9 EUR) \r\n• Входна такса за замъка "Шенонсо" (12,5 EUR) \r\n• Входна такса за Кло-Люсе (14 EUR) \r\n• Входна такса за замъка "Фонтенбло" (11 EUR) \r\n• Доплащане за слушалки по време на посещението на Лувъра (3 EUR) \r\n• Доплащане за слушалки по време на посещението в двореца "Версай" (3 EUR) \r\nГрадски транспорт в Париж (1,7 EUR - еднопосочен билет за метрото; 13,3 EUR - карнет от 10 билета) \r\n• Ползване на стая за багаж в хотела за последния ден преди отпътуването за България (5 EUR на багаж) \r\n• Входни такси за музеи, обекти и прояви и разходи за градски транспорт', '• За да се реализират допълнителните услуги и мероприятия по програмата, е необходимо да ги заявите още при сключването на договора за организирано пътуване, тъй като осъществяването им е свързано с предварителни резервации. \r\n• За да посетите Лувъра и Версай с местен екскурзовод, е необходимо да заявите тези услуги при сключване на договора за организирано пътуване, тъй като осъществяването им е свързано с предварителна резервация и има ограничение в максималния брой туристи в група. \r\n• Ако не заявите навреме допълнителната услуга за Версай и местата в групата вече са изчерпани, Ви предлагаме транспорт до Версай срещу доплащане от 89 лв. Закупуването на входния билет за двореца остава за сметка на туристите и посещението на двореца е индивидуално. \r\n• Туристическата програма се осъществява на български език. \r\n• Екскурзията се провежда при минимум 40 записани туристи. \r\n• Възможна е промяна в полетното разписание от страна на авиокомпанията. \r\n• За лица над 69 г. автоматично се добавя доплащане за завишена застрахователна премия.\r\n ', 950, 54),
(9, 'София – Венеция - 1130 km\r\n10.00 ч. - отпътуване от Пловдив от "OMV" бензиностанция дo хотел "Санкт Петербург", от София в 12.30 ч. от площад "Александър Невски", 13.00 ч. - автогара "Сердика" по маршрут Белград - Загреб - Любляна - Венеция.', 'Венеция\r\nПристигане сутринта на Пунта Сабиони. Отпътуване с корабче за Венеция - най-изумителният и романтичен град в света. Пешеходна разходка с местен екскурзовод (минимум 1 ½ ч.): площад "Сан Марко" - "официалният салон на Европа" с едноименната катедрала, съхранила в себе си богатствата на Венецианската република и Камбанарията - един от символите на Венеция, който в продължение на векове е задавал ритъма на живот на венецианците; Дворецът на дожите - официална резиденция до краха на Венецианската република през 1797 г.; Мостът на въздишките, наричан така заради въздишките на затворниците, които, влизайки в затвора, виждали за последен път венецианската лагуна. Разходка до моста "Риалто". Свободно време. По желание посещение на "Двореца на Дожите" - официална резиденция до краха на Венецианската република през 1797 г., където може да се насладите на изкуството на Тинторето, Веронезе и Тициан. Свободно време. Настаняване в района на Венеция / Тревизо вечерта. Нощувка.', 'Венеция – Мантон – Кан - 640 km\r\nЗакуска. 8.00 ч. - отпътуване за Френската ривиера. Пешеходна разходка в Мантон – един от най-живописните курорти на Ривиерата и най-цветният френски град: градината "Биовес" с екзотични дървета; Дворецът на Европа – културен и конгресен център, построен в стил "бел епок"; Крайбрежният булевард и Старият град. Настаняване на Френската ривиера късно вечерта. Нощувка.', 'Антиб – Ница - 80 km\r\nЗакуска. Един ден на Френската ривиера: разходка в Антиб - едно от най-големите яхтени пристанища на Лазурния бряг. Пешеходна разходка в Ница – старият град, съхранил атмосферата и автентичния дух на Средновековието: атрактивният пазар на цветята; най-големият площад "Масена" и крайбрежният булевард "Променад Де-з-Англе" с най-престижните хотели на Френската ривиера. Пешеходна разходка в центъра на Кан: крайбрежният булевард "Кроазет" с Фестивалния комплекс, където всяка година през май се провежда световноизвестният фестивал на киното; Алеята на славата с отпечатъци от ръце на звезди на филмовата индустрията. По желание – вечеря в ресторант. Нощувка.', '', '', '• Транспорт с комфортен туристически автобус (климатик, видеосистема, минибар) \r\n• 1 нощувка със закуска в хотел "Base to Stay" *** (или подобен) в района на Венеция / Тревизо \r\n• 2 нощувки със закуски в хотел "Balladins Le Cannet" **+ (или подобен) на Френската ривиера \r\n• 1 нощувка със закуска в хотел "Delta Florence" *** (или подобен) в района на Флоренция \r\n• Туристическа програма във Венеция с местен екскурзовод \r\n• Пешеходна разходка във Флоренция с местен екскурзовод \r\n• Посещение на Княжество Монако \r\n• Пешеходни разходки в Ница, Кан, Антиб и Мантон \r\n• Застраховка "Помощ при пътуване в чужбина" с лимит на отговорност 5 000 EUR на застрахователна компания "Армеец" \r\n• Екскурзоводско обслужване', '• Такса престой в Италия: 2-4 EUR на турист на ден (в хотел 2* и 3*) и 4-6 EUR на турист на ден (в хотел 4*), заплаща се индивидуално от туристите на рецепцията на хотела \r\n• Двупосочен билет за корабче във Венеция \r\n• Посещение на Двореца на дожите във Венеция \r\n• Вечеря в ресторант на Френската ривиера \r\n• Посещение на галерия "Уфици" във Флоренция \r\n• Доплащане за слушалки по време на пешеходната разходка във Венеция (2 EUR) и Флоренция (2 EUR) \r\n• Входни такси за Купола на Брунелески и Кулата на Джото (10 EUR комбиниран билет), църквата "Санта Кроче" (6 EUR) и двореца "Пити" (11,50 EUR) във Флоренция \r\n• Местен транспорт във Флоренция: 5 EUR (двупосочен билет) \r\n• Входни такси и билети за други музеи, обекти и прояви, посещавани по желание и градски транспорт', '• Депозит: 50% от пакетната цена. Доплащане - до 10 дни преди датата на тръгване. \r\n• За да се реализират допълнителните услуги и мероприятия по програмата, е необходимо да ги заявите още при сключването на договора за организирано пътуване, тъй като осъществяването им е свързано с предварителни резервации. \r\n• Екскурзията се провежда при минимум 24 записани туристи. \r\n• За лица над 69 г. автоматично се добавя доплащане за завишена застрахователна премия. \r\n• Посещението на Двореца на дожите се извършва индивидуално в свободното време. Входната такса за Двореца на дожите и музеите на площад “Сан Марко” (Музеят “Корер”, Националния археологически музей, монументалните зали на библиотека Марчана) е 13 EUR. При желание на касата се доплаща за аудиогид в Двореца на Дожите (около 8 EUR).', 600, 55),
(10, 'София - Ихтиман - Пазарджик - Пловдив - Хасково - Истанбул (600 км)\r\nОтпътуване в 07.00 ч. от София (автогара „Сердика“), 7.40 ч. - Ихтиман (мотел "Ихтиман"), 8.10 ч. - Пазарджик (бензиностанция "Shell"), 8.30 ч. - Пловдив (бензиностанция "OMV" до хотел Санкт Петербург), Хасково (автогара) - 10.30 ч. по маршрут Одрин - Истанбул. Пристигане след обед. Настаняване. По желание: „Светлините на Истанбул” - вечерна панорамна разходка с корабче по Босфора /срещу допълнително заплащане/. Нощувка.', 'Истанбул\r\nЗакуска. Пешеходна обиколка на историческия център на Истанбул с местен екскурзовод: пл. Султанахмед, Хиподрумът, Синята джамия (отвън). Свободно време в Истанбул, или туристическа програма по желание: 1. Посещение с местен екскурзовод на музея "Св. София" и двореца "Топ Капъ" /срещу допълнително заплащане/. 2. Вечеря с атракционна програма в ресторант "Ташхан Аркат" - 1001 нощи /срещу допълнително заплащане/. Нощувка.', 'Истанбул\r\nЗакуска. Свободно време в Истанбул, или туристическа програма по желание: 1. Посещение с местен екскурзовод на новия султански дворец „Долмабахче“ и джамията „Сюлеймание“ /срещу допълнително заплащане/. 2. Разходка с автобус до Азиатската част на Истанбул и посещение с местен екскурзовод на двореца "Бейлербей" /срещу допълнително заплащане/. 3. Вечеря с атракционна програма на кораб-ресторант по Босфора /срещу допълнително заплащане/. Нощувка.', 'Истанбул - Хасково - Пловдив - Пазарджик - Ихтиман - София 600 км\r\nЗакуска. Посещение на търговски център „Aqua Florya” и аквариума „Istanbul Aquarium”. Отпътуване за България. Пристигане в София късно вечерта.', '', '', '• Транспорт с туристически автобус \r\n• 3 нощувки със закуски в хотел *** в Истанбул \r\n• Пешеходна разходка в историческия център на Истанбул с местен екскурзовод \r\n• Посещение на търговски център „Aqua Florya” и аквариума „Istanbul Aquarium” \r\n• Застраховка "Помощ при пътуване в чужбина" на ЗАД Армеец с покритие и лимит на отговорност 5 000 евро \r\n• Екскурзоводско обслужване ', '• „Светлините на Истанбул” - вечерна панорамна разходка с корабче по Босфора \r\n• Посещение с местен екскурзовод на музея "Св. София" и двореца "Топ Капъ" \r\n• Посещение с местен екскурзовод на новия султански дворец „Долмабахче“ и джамията „Сюлеймание“ \r\n• Разходка с автобус до Азиатската част на Истанбул и посещение с местен екскурзовод на двореца "Бейлербей" \r\n• Вечеря с атракционна програма на кораб-ресторант по Босфора \r\n• Вечеря с атракционна програма в ресторант "Ташхан Аркат" - 1001 нощи \r\n• Ползване на слушалки за църквата "Света София" (3 TL) \r\n• Входни такси за църквата "Св. София" (40 TL), двореца "Топ Капъ" и съкровищницата към двореца (40 TL), двореца "Долмабахче" (30 TL), двореца „Бейлербей“ (30 TL), панорамната тераса на небостъргача "Сапфир" (18 TL), панорамната тераса и 4D кино на небостъргача "Сапфир" (28 TL); аквариума „Istanbul Aquarium” (42 ТL) \r\n• Градски транспорт (4 TL за еднократен жетон) \r\n• Входните такси и билети за други музеи, обекти, прояви, посещавани по желание и градски транспорт. ', '• За да се реализират допълнителните услуги и мероприятия по програмата, е необходимо да ги заявите още при сключването на договора за организирано пътуване, тъй като осъществяването им е свързано с предварителни резервации \r\n• Екскурзията се осъществява при минимум 40 записани туристи \r\n• Необходим депозит за потвърждение на резервацията: 50% от пакетната цена \r\n• Доплащане на пътуването: до 10 дни преди отпътуване \r\n• Срок за уведомяване при недостигнат минимален брой туристи: 7 дни преди датата на отпътуване', 250, 56),
(11, 'Среща на летище София, Терминал 2. в 08:20 ч. сутринта. Самолетен полет София – Атина в 10:20 ч. Пристигане в Атина в 11:45 ч. Самолетен полет Атина – Кайро в 12:30 ч Пристигане в Кайро в 13:20 ч. Трансфер до хотел и настаняване. Нощувка в Кайро.', 'Закуска. Екскурзия до Пирамидите в Гиза – на Хефрен, Хеопс и вечният Сфинкс. След обяд – екскурзия до Мемфис, първата столица на Египет, и Саккара със стъпаловидната пирамида на Джосер. Трансфер до ж.п. гарата в Гиза. Нощно пътуване с влак към Луксор (във вагон със седалки). По желание – нощувка в спален вагон. Вечеря във влака за пътуващите в спален вагон – сух пакет.', 'Сутринта – закуска във влака за пътуващите в спален вагон (сух пакет). Трансфер от ж.п. гара Луксор до 5-звезден круизен кораб. Настаняване и обяд. Посещение на храмовете в Карнак и в Луксор. Вечеря и нощувка на кораба, акостирал в Луксор. ', 'След закуска – напускане на кораба. По желание и срещу допълнително заплащане този ден Ви се предлага изключително интересната екскурзия до грандиозния Храм Абу Симбел, посветен на Фараона Рамзес Втори и съпругата му. (Тръгването за екскурзията е рано сутринта към 2.00-3.00 часа и имате възможност да посрещнете изгрева в пустинята по път към храма.) Връщане в Асуан. Обяд в местен ресторант в Асуан. След обяд – разглеждане на Асуан – Големият язовир, храмът на о-в Филае, о-в Елефантин. Привечер – трансфер до ж.п. гара в Асуан. Нощно пътуване с влак към Кайро (във вагон със седалки). По желание – нощувка в спален вагон. Вечеря във влака за пътуващите в спален вагон – сух пакет.', '', '', 'самолетни билети: София – Атина – Кайро и Кайро – Атина – София;\r\nлетищни такси – 431 лв/ 220 евро (20.11.2015 г.) - подлежат на потвърждение;\r\nтрансфери летище – хотел  – ж.п.гара – круизен кораб – ж.п.гара  – хотел – летище;\r\n3 нощувки със закуски в хотел 4* в Кайро;\r\n1 обяд (в местен ресторант) - 6-ти ден;\r\n2 вечери в Кайро (7-ми и 8-ми ден);  \r\n3 нощувки на борда на 5 звезден  круизен кораб по река Нил с 3 пълни пансиона – закуска, обяд  и вечеря (3-ти, 4-ти и 5-ти ден);\r\nбилети за влака Кайро – Луксор и Асуан – Кайро във вагон със седалки;\r\nместен транспорт с туристически автобус;\r\nвходни билети и  разглеждане на обектите, както е по програма;\r\nекскурзоводско обслужване, водач от “2М-КО” и местен екскурзовод (с превод на български език);\r\nтакса екскурзоводско и шофьорско обслужване по време на обиколките и бакшиш хотелско обслужване­­ – 80 лв.', 'египетска виза + такса – 25 щ. долара + 3 щ.долара (плащат се на място, на летището в Кайро при пристигане);\r\nмедицинска и туристическа застраховка с покритие 25 000 евро – 20 лв (за лица до 65 год.), за лица от 65 год. до 80 год. – 40 лв;\r\n допълнителна застраховка  „Отказ от пътуване”;\r\nспален вагон (по желание) – 105 щ. долара (в едната посока) - с включени закуска и вечеря (сух пакет);\r\nсамостоятелно купе в спалния вагон - 30 щ.долара (в едната посока);\r\nвлизане във вътрешността на Хеопсовата пирамида в Гиза – 200 египетски паунда (28,50 щ. долара – плаща се на място) - 2-ри ден;\r\nдопълнителни мероприятия и екскурзии (плащат се в офиса на ТА „2М-КО”):\r\n -  екскурзия до Абу Симбел – 80 евро (6-ти ден);   \r\n  -  шоу “Светлина и звук” на пирамидите в Гиза – 30 евро (7-ми ден);\r\n  - екскурзия до Александрия (с включен обяд) – 65 евро (8-ми ден).\r\nтакса обслужване на круизния кораб – 10 щ. долара на човек (за целия престой на кораба) - плаща се на място на самия кораб.', '1.  Полетите, посочени в програмата, се актуализират при потвърждение на групата,\r\nкоето може да доведе до промени в програмата за дните първи и втори, както и за\r\n последните два дни по същата.\r\n2.  За външните полети лимитът за багажа е 23 кг. за голям багаж и 10 кг. за ръчен багаж.\r\n3.  Цените на допълнителните екскурзии и мероприятия са към 12.03.2015 г.\r\n4.  Категоризацията на хотелите в Египет не съответства на критериите за категоризация\r\n     на хотелите в Европа.\r\n5. Цената 2 105 лв е за човек в двойна стая/кабина. За единична стая/кабина (в хотела в Кайро и на круизния кораб) се доплащат 590 лв.\r\n6. За дете до 12 год., настанено в стая (кабина) на трето допълнително легло – отстъпката е  160 лв.', 2150, 57),
(12, 'София – Меминген – Мюнхен\r\nОтпътуване от Терминал 1 на летище София в 19.20 ч. с полет до Меминген. Кацане в Меминген в 20.30 ч. Трансфер до Мюнхен. Настаняване късно вечерта. Нощувка.', 'Мюнхен – Нюрнберг\r\nЗакуска. Туристическа програма в столицата на провинция Бавария - необходимо е ползване на градски транспорт: "Мариенплац" с Колоната на Дева Мария; най-старата църква "Св. Петър", Старото кметство; Новото кметство – изключително творение на строителството; църквата "Фрауенкирхе", превърнала се в символ на Мюнхен; Новата резиденция; "Хофбройхаус" – бирария с неповторима баварска атмосфера; площад "Макс Йозеф", където се намира сградата на Операта и Резиденцията на баварските владетели. Свободно време за шопинг, посещение на Дойчес музеум – най-големият музей на науката и техниката, Старата и Новата Пинакотека, двореца "Нимфенбург" – лятна кралска резиденция и родното място на Лудвиг II – необходимо е ползване на градски транспорт.\r\nТуристическа програма по желание – полудневна екскурзия до Нюрнберг: На обяд отпътуване за Нюрнберг. Пешеходна разходка в историческия център: Пазарният площад с красивия фонтан, увенчан с колона, направена за църква, която така и не била построена; Фрауенкирхе; Кайзербург – замък, в който са резидирали всички кайзери през периода 1050 – 1571 г.; Къщата на Албрехт Дюрер – големият германски художник, която днес е превърната в музей. Свободно време. Връщане в Мюнхен вечерта.', 'Дворецът "Линдерхоф" – Замъкът "Нойшванщайн"\r\nЗакуска. Свободно време в Мюнхен. Нощувка.\r\n \r\nТуристическа програма по желание – целодневна екскурзия "Баварски замъци". Сутринта отпътуване по "Романтичния път" за света на баварските замъци на "приказния крал" Лудвиг II. Посещение на фееричния дворец "Линдерхоф" – шедьовър в стил барок и рококо. Любимият дворец на "последния добър и самотен крал" е построен след едно посещение във "Версай" и единственият, завършен от него приживе. Посещение на замъка на рицарите "Нойшванщайн" в сърцето на Баварските Алпи – всепризнат образец за съвършенство сред германските кралски замъци. Връщане в Мюнхен вечерта.', 'Залцбург\r\nЗакуска. Свободно време в Мюнхен. Нощувка.\r\n \r\nТуристическа програма по желание – целодневна екскурзия до Залцбург. Сутринта отпътуване за Залцбург. Пешеходна разходка в Стария град (минимум 1 ч.): дворецът "Мирабел" – лятна резиденция на залцбургските архиепископи; "Хоензалцбург" – символ на Моцартовия град и най-голямата напълно запазена крепост в Централна Европа; улица "Гетрайдегасе" с Къщата на Моцарт, където е роден великият композитор; площад "Алтермаркт". Връщане в Мюнхен вечерта.Мюнхен – Регенсбург – Мюнхен – Меминген – София\r\nЗакуска. Сутринта напускане на стаите. Багажът се съхранява в стая за багаж. Свободно време. Връщане в хотела за трансфер до летище Меминген за полет до София в 21:00. Кацане на летище София в 23:55.\r\n \r\nТуристическа програма по желание – полудневна екскурзия до Регенсбург: Сутринта отпътуване за Регенсбург. Пешеходна разходка в историческия център: катедралата "Св. Петър"; каменният мост; Порта Претория; старият зърнен пазар с т.нар. римска кула и Херцогсхоф - резиденция на баварските херцози; старото Кметство. Връщане в Мюнхен следобед.', '', '', '• Самолетен билет София - Меминген - София с директен полет на авиокомпания "Wizz Air" с включен малък ръчен салонен багаж с размери 42/32/25 см \r\n• Летищни такси \r\n• 4 нощувки със закуски в хотел Am Moosfeld 4* (или подобен) в Мюнхен \r\n• Туристическа програма в Мюнхен \r\n• Групов трансфер летище - хотел - летище \r\n• Застраховка "Помощ при пътуване в чужбина" на застрахователна компания "Армеец" с покритие 10 000 евро \r\n• Водач от България и екскурзоводско обслужване на български език', '• Полудневна екскурзия до Нюрнберг \r\n• Целодневна екскурзия до двореца "Линдерхоф" и замъка "Нойшванщайн" \r\n• Целодневна екскурзия до Залцбург \r\n• Полудневна екскурзия до Регенсбург \r\n• Билет за лифт и входна такса за крепостта "Хоензалцбург" (11,30 EUR, за деца до 14 г. - 6,50 EUR), входна такса за музея на Моцарт (10 EUR, за деца - 3,50 EUR) в Залцбург \r\n• Градски транспорт в Мюнхен (2,60 EUR - еднопосочен билет) \r\n• Входна такса за замъка "Нойшванщайн" (12 EUR, за деца и ученици до 18 г - безплатно) \r\n• Входна такса за двореца "Линдерхоф" (8,5 EUR, за деца и ученици до 18 г - безплатно) \r\n• Входни такси за Дойчес музеум (11 EUR) и двореца "Нимфенбург" (11,50 EUR) в Мюнхен \r\n• Входни такси и билети за други музеи, обекти, прояви, посещавани по желание и градски транспорт. \r\n• Чекиран багаж до 32 кг \r\n• Чекиран багаж до 23 кг \r\n• Голям салонен багаж до 10 кг с размери 56/45/25 см', '• Възможна е промяна в полетното разписание от страна на авиокомпанията. \r\n• За да се реализират допълнителните услуги и мероприятия по програмата, е необходимо да се заявят още при сключването на договора за организирано пътуване, тъй като осъществяването им е свързано с предварителни резервации. \r\n• За лица над 69 г. автоматично се добавя доплащане за завишена застрахователна премия.', 800, 58),
(13, 'София – Ла Валета\r\nОтпътуване от Терминал 1 на летище София в 19.20 ч. с полет на авиокомпания "Wizz Air". Пристигане в 20.20 ч. на летището в Малта. Посрещане и трансфер до хотела. Настаняване. Нощувка.', 'Ла Валета\r\nЗакуска. Свободно време. По желание полудневна екскурзия до столицата на Малта - Ла Валета: Крепостта - най-добрият образец на европейското военно строителство; катедралата "Св. Йоан" - шедьовър на бароковата архитектура, известна с безценните си стенописи, светилище за рицарите на Малтийския орден; Дворецът на Великите магистри, в който се помещават Парламентът и Президентството във Валета. Нощувка.', 'Остров Гозо\r\nЗакуска. Свободно време. По желание целодневна екскурзия до зеления и спокоен о-в Гозо, притежаващ неповторим чар, свързан с легендата за прекрасната нимфа Калипсо, дъщеря на бог Атлас. По време на екскурзията се разглеждат скалните комплекси в Двейра с прекрасните природни забележителности Синия прозорец, Вътрешното море и скалата "Фунгус". Обяд в ресторант, намиращ се в старинната крепост "Цитаделата" в центъра на столицата на Гозо - Виктория. След обяда екскурзията продължава с посещението на мегалитния храм "Джгантия" и завършва в живописните и красиви заливи Шленди или Марсафорн. Възможност за закупуване на сувенири, направени от жителите на Гозо, които се славят като изкусни майстори на народните занаяти. Нощувка.', 'Виториоза – Сенглеа – Древения град Коспикуа – София\r\nЗакуска. Напускане на хотела (багажа се оставя в стая за багаж). Свободно време. По желание полудневна екскурзия до трите древни града - Виториоза, Сенглеа и Коспикуа, пазещи спомена за малтийските рицари. Ще имате възможност да се разходите по неповторимите улички на Виториоза и да разгледате сгради с изключителна историческа значимост. И трите града предлагат великолепен изглед към Големия залив – "морската врата" на Малта. Екскурзията продължава с посещение на едно много живописно място - Синята пещера, където огрените от слънцето корали правят кристално чистата вода да сияе в златисти отблясъци. По желание и ако времето позволява може да се организира разходка с лодка и да се наблюдава подводния свят (заплаща се на място). Трансфер до летището. Отпътуване за България в 20.50 ч. Пристигане на летище София в 23.45 ч. (Терминал 1).', '', '', '• Самолетен билет София - Малта - София с включени летищни такси, чекиран багаж (23 кг) и малък ръчен салонен багаж (с размери 42/32/25 см) на авиокомпания "Wizz Air" \r\n• Трансфер летище - хотел- летище \r\n• 7 нощувки със закуски в избрания от Вас хотел в Малта \r\n• Застраховка "Помощ при пътуване в чужбина" с асистанс и лимит на отговорност 10 000 EUR на застрахователна компания "Армеец" \r\n• Водач от България', '• Екскурзия до Ла Валета \r\n• Екскурзия до Мдина и Т`Али \r\n• Екскурзия да Трите древни града \r\n• Целодневна екскурзия до о-в Гозо с включен обяд \r\n• Целодневна екскурзия до Сицилия \r\n• Пътешствие с яхта около Малта \r\n• Входни такси и билети за други музеи, обекти и прояви, посещавани по желание ', '• Екскурзията се провежда при минимум 40 записани туристи. \r\n• За да се реализират допълнителните услуги и мероприятия по програмата, е необходимо да ги заявите още при сключването на договора за организирано пътуване, тъй като осъществяването им е свързано с предварителни резервации. \r\n• Възможна е промяна в полетното разписание от страна на авиокомпанията. \r\n• Трансферът от хотела за екскурзията до Сицилия е в 4.30 ч. В този ден за закуска се предлагат - бисквити, кафе и чай. Вечерята, в случай че е заявена, се ползва под формата на сух пакет. \r\n• Туристическата програма се осъществява на руски език. \r\n• За лица над 69 г. автоматично се добавя доплащане за завишена застрахователна премия.', 1300, 59);
INSERT INTO `tours_info` (`Id`, `day_1`, `day_2`, `day_3`, `day_4`, `day_5`, `day_6`, `price_includes`, `price_excludes`, `additional_info`, `price`, `tours_id`) VALUES
(14, 'София – Неум - 790 km\r\nОтпътуване от София в 6.00 ч. от площад "Александър Невски" по маршрут София - Ниш - Чачак - Вишеград - Мостар - Неум. Пристигане в Неум късно вечерта. Вечеря. Нощувка.', 'Неум – Дубровник – Неум - 130 km\r\nЗакуска. Отпътуване за Дубровник - перлата на адриатическото крайбрежие. Пешеходна разходка с местен екскурзовод: Порта Пиле, главната улица Страдун, францисканският манастир, дворецът Спонца, паметникът на Орландо, княжеският дворец. По желание: разходка с корабче до остров Локрум, резерват с ботаническа градина, маслинови горички, стар бенедиктински манастир, с прекрасна природа. Свободно време. Връщане в Неум вечерта. Вечеря. Нощувка.', 'Неум – Сплит – Неум - 320 km\r\nЗакуска. Целодневна екскурзия до Сплит, най-големият град на Далмация. Пешеходна разходка в стария град - дворецът на римския император Диоклециан, Перистилът, Катедралата, Храмът на Юпитер, Златната, Сребърната и Желязнатa порта. Връщане привечер в хотела. Вечеря. Нощувка.', 'Неум – София - 790 km\r\nЗакуска. Отпътуване за България. Пристигане в София на площад "Александър Невски" около полунощ.', '', '', '• Транспорт с комфортен туристически автобус; \r\n• 3 нощувки със закуски и вечери в "Grand Hotel Neum" **** (или подобен) в Неум; \r\n• Пешеходна разходка в Дубровник с местен екскурзовод; \r\n• Туристическа програма в Сплит; \r\n• Застраховка "Помощ при пътуване в чужбина" с асистанс и лимит на отговорност 5000 EUR на застрахователна компания "Армеец"; \r\n• Екскурзоводско обслужване.', '• Разходка с корабче до остров Локрум; \r\n• Входни такси за крепостните стени в Дубровник (100 HRK), музейните обекти в Дубровник (100 HRK), обектите в двореца на император Диоклециан в Сплит (25-45 HRK); \r\n• Входни такси за други музеи и обекти, посещавани по желание. ', '• Цената на допълнителните екскурзии и услуги, заплатени по време на пътуването е с 20% по-висока! \r\n• За лица над 69 г. автоматично се добавя доплащане за завишена застрахователна премия. \r\n• Екскурзията се провежда при минимум 24 записани туристи!', 400, 60),
(15, 'София – Атина - 825 km\r\nОтпътуване от София в 7.00 ч. от площад "Александър Невски", 7.30 ч. - Автогара "Сердика", Дупница - 8.30 ч., Благоевград - 09.30 ч., Сандански - 10.30 ч. по маршрут Кулата - Атина. Пристигане в гръцката столица вечерта. Настаняване. Вечерна пешеходна разходка в стария град Плака: площад "Омония" - един от централните площади на гръцката столица; Римският форум с Кулата на ветровете; Старата джамия; площад "Монастираки" - мястото, където има най-много антиквариати, магазини за народно изкуство от всякакъв вид и традиционни сувенири. Нощувка.', 'Атина – Санторини\r\nЗакуска рано сутринта (или сух пакет). Отпътуване за остров Санторини с ферибот от пристанище Пирея. Следобед пристигане на остров Санторини - един от най-романтичните и красиви острови в Егейско море и с неповторим пейзаж - малки бели къщи, църкви със сини куполи, тесни калдъръмени улички и стълби, водещи към върха на калдерата. Настаняване. Вечерна разходка в град Иа за посрещане на "най-красивия залез в света". Нощувка.', 'Санторини\r\nЗакуска. Туристическа програма: древна Тира, където са открити останки от дорийски град - светилища, храм на бог Дионис, форум, театър, датиращи от периода 4 - 1 век пр. Хр.; Пиргос, селище, изградено по склона на планината Пророк Илия с къщи, подредени амфитеатрално около останките от венецианска крепост. Туристическа програма: Тира (Фира) - столицата на Санторини, която отразява влиянието както на цикладската култура, така и на венецианската; Православната и Католическата катедрала; Доминиканският манастир. Възможност за посещение на Археологическия музей, Музея на праисторическа Тира или Музея на фолклора. Посещение на Имеровигли - традиционно цикладско селище, изградено по ръба на вулканичния кратер, наричано "терасата на Егейско море" поради прекрасната гледка, която се разкрива към калдерата. Свободно време. Нощувка.', 'Санторини\r\nЗакуска. Свободен ден на Санторини или туристическа програма по желание - екскурзия с корабче до островите Неа Камени, където може да се види кратера на все още действащия вулкан; Палеа Камени с неговите горещи минерални извори, подходящи за плуване; и Тирасия - красив остров с традиционната цикладска атмосфера, където има възможност за плаж или посещение на главния град Манолас, който може да бъде достигнат пеша или яздейки магаре, традиционен начин на придвижване на Санторини. По желание и предварителна заявка - вечеря в традиционна таверна. Нощувка.', '', '', '• Транспорт с комфортен туристически автобус (климатик, видеосистема, минибар) \r\n• 2 нощувки със закуски в хотел "Candia" 3* (или подобен) в Атина \r\n• 3 нощувки със закуски в хотел "Anthea Villas" 3* (ex "Villa Vergina hotel" 3*) или подобен на остров Санторини \r\n• Вечерна пешеходна разходка в Атина \r\n• Пешеходни разходки в Иа, Тира, Имеровигли, древна Тира и Пиргос \r\n• Фериботни такси и билети \r\n• Застраховка "Помощ при пътуване в чужбина" с асистанс и лимит на отговорност 5 000 EUR на застрахователна компания "Армеец" \r\n• Екскурзоводско обслужване', '• Екскурзия с корабче до вулкана и островите Неа Камени, Палеа Камени и Тирасия \r\n• Вечеря в традиционна таверна \r\n• Входна такса за кратера на вулкана на о-в Неа Камени (2 EUR) \r\n• Входна такса за Археологическия музей (3 EUR) \r\n• Входна такса за Музея на фолклора (3 EUR) \r\n• Входна такса за Праисторическия музей (3 EUR) \r\n• Входна такса за Древна Тира (2 EUR) \r\n• Панорамна обиколка на Атина с местен екскурзовод \r\n• Входни такси за други музеи, обекти и прояви, посещавани по желание, градски транспорт', '• Цената на допълнителните екскурзии и услуги, заплатени по време на пътуването е с 20% по-висока! \r\n• За да се реализират допълнителните услуги и мероприятия по програмата, е необходимо да ги заявите още при сключването на договора за организирано пътуване, тъй като осъществяването им е свързано с достигане на минимален брой туристи и с предварителни резервации. \r\n• В Гърция са валидни следните отстъпки от входните такси при посещение на музеи и археологически обекти: деца до 18 г. – безплатно (след показване на документ за самоличност); лица над 65 г. – 50 % намаление от стойността на входната такса (след показване на документ за самоличност); студенти, притежаващи международни студентски карти ISIC – безплатно (след показване на картата). \r\n• До археологическия обект Древна Тира се върви пеша около 50 мин. в едната посока или се ползва микробус на стойноста 10 EUR на турист общо за двете посоки. \r\n• Място на отпътуване и връщане: Дупница – бензиностанция „OMV”; Благоевград – автобусната спирка между общинската и частната автогара; Сандански – бензиностанция „OMV” на изхода на града. \r\n• Екскурзията се провежда при минимум 24 записани туристи.', 550, 61),
(16, 'София – Любляна - 910 km\r\nОтпътуване в 4.00 ч. от Пловдив от бензиностанция "OMV" до хотел "Санкт Петербург" (заявява се при сключване на договор и се заплаща допълнително), от София - в 6.30 ч. от площад "Александър Невски" (началото на ул. "Оборище"), 7.00 ч. - Автогара "Сердика" по маршрут Белград - Загреб - Любляна. Настаняване в района на Любляна/ Кран късно вечерта. Нощувка.', 'Любляна – Eзерото Блед – езерото Кимзее – Дворецът "Херенкимзее" – Мюнхен - 405 km\r\nЗакуска. Отпътуване за Блед - "изумруденото езеро", разположено в полите на Алпите. Възможност за разходка с традиционна лодка "плетна" до острова в средата на езерото и посещение на църквата на острова (от април до октомври). Отпътуване за Германия и езерото Кимзее. Посещение на двореца "Херенкимзее" - "Новият Версай" на Лудвиг II - необходимо е ползване на корабче. Настаняване в района на Мюнхен късно вечерта. Нощувка.', 'Мюнхен – Дворецът "Линдерхоф" – Замъкът "Нойшванщайн" – Мюнхен - 280 km\r\nЗакуска. Отпътуване по "Романтичния път" за света на баварските замъци на "приказния крал" Лудвиг II. Посещение на фееричния дворец "Линдерхоф" - шедьовър в стил барок и рококо. Любимият дворец на "последния добър и самотен крал" е построен след едно посещение във "Версай" и единственият, завършен от него приживе. Разходка в градините на двореца и до "Пещерата на Венера". Посещение на замъка на рицарите "Нойшванщайн" в сърцето на Баварските Алпи - всепризнат образец за съвършенство сред германските кралски замъци. По желание разходка до висящия мост "Мариенбрюке", опънат над 92-метрова пропаст и 45-метров водопад. Нощувка в района на Мюнхен.', 'Мюнхен – София - 1320 km\r\nЗакуска. 8.00 ч. - отпътуване за Мюнхен. Пешеходна разходка (минимум 1 ч.): "Мариенплац" с Колоната на Дева Мария; най-старата църква "Св. Петър", Старото кметство; Новото кметство - изключително творение на строителството; църквата "Фрауенкирхе", превърнала се в символ на Мюнхен; Новата резиденция; "Хофбройхаус" - бирария с неповторима баварска атмосфера. Свободно време за шопинг или посещение на Дойчес музеум - най-големия музей на науката и техниката. По желание - посещение на двореца "Нимфенбург" - лятна кралска резиденция и родното място на Лудвиг II - необходимо е ползване на градски транспорт. 19.00 ч. - отпътуване за България.', '', '', '.• Транспорт с комфортен туристически автобус (климатик, видеосистема, минибар) \r\n• 1 нощувка със закуска в хотел "Azul" *** (или подобен) в района на Любляна \r\n• 2 нощувки със закуски в хотел "NH Hotel München Neue Messe" ***/ Tulip Inn Alp Style Dachau München *** (или подобен) в района на Мюнхен \r\n• Пешеходна разходка в Мюнхен \r\n• Фотопауза на езерото Блед \r\n• Целодневна екскурзия до двореца "Линдерхоф" и замъка "Нойшванщайн" \r\n• Посещение на двореца "Херенкимзее" (билетът за корабче и входната такса за двореца се заплащат допълнително) \r\n• Застраховка "Помощ при пътуване в чужбина" с асистанс и лимит на отговорност 5 000 EUR на застрахователна компания "Армеец" \r\n• Екскурзоводско обслужване', '• Двупосочен билет за разходка с традиционна лодка "плетна" в езерото Блед (12 EUR); \r\n• Входна такса за църквата на острова в езерото Блед (6 EUR); \r\n• Градски транспорт в Мюнхен (2,70 EUR - еднопосочен билет); \r\n• Входна такса за замъка "Нойшванщайн" (12 EUR, за деца и ученици до 18 г - безплатно); \r\n• Входна такса за двореца "Линдерхоф" (8,50 EUR, за деца и ученици до 18 г - безплатно); \r\n• Входни такси за Дойчес музеум (11 EUR) и двореца "Нимфенбург" (11,50 EUR) в Мюнхен; \r\n• Двупосочен билет за корабче при посещението на двореца "Херенкимзее" (7,80 EUR); \r\n• Входна такса за двореца "Херенкимзее" (8 EUR, за деца и ученици до 18 г - безплатно); \r\n• Входни такси и билети за други музеи, обекти, прояви, посещавани по желание и градски транспорт.', '• Депозит: 50% от пакетната цена. Доплащане: до 10 дни преди датата на отпътуване. \r\n• Предлагаме двупосочен трансфер Пловдив - София - Пловдив на цена 24 лв на турист. При 12 туристи трансферът е безплатен. \r\n• Екскурзията се провежда при минимум 24 записани туристи', 480, 62),
(17, 'test test test test', 'test test test test', 'test test test test', 'test test test test', 'test test test test', 'test test test test', 'test test test testtest test test testtest test test testtest test test test', 'test test test testtest test test testtest test test testtest test test test', 'test test test testtest test test testtest test test testtest test test testtest test test testtest test test test', 2000, 73);

-- --------------------------------------------------------

--
-- Table structure for table `users`
--

CREATE TABLE `users` (
  `id` int(11) NOT NULL,
  `username` varchar(45) DEFAULT NULL,
  `password` varchar(45) DEFAULT NULL,
  `email` varchar(45) DEFAULT NULL,
  `description` mediumtext
) ENGINE=InnoDB DEFAULT CHARSET=utf8;

--
-- Dumping data for table `users`
--

INSERT INTO `users` (`id`, `username`, `password`, `email`, `description`) VALUES
(5, 'admin123', '5baa61e4c9b93f3f0682250b6cf8331b7ee68fd8', 'admin@mal.com', 'Hellowww'),
(14, 'nasko33', '5baa61e4c9b93f3f0682250b6cf8331b7ee68fd8', 'kasjfgksdjfa', 'Pedal'),
(17, 'nasko123', 'e2f4c0b4e724c88ebf24cf5958adc53cdd8020ed', 'kasjfgksdjfa', 'kfsjagkjvjfg'),
(18, 'naskooooo222', '1e2eb3b7ef2eee0b489c76d716c8e52a4baf7b0b', 'kasjfgksdjfa', 'kfsjagkjvjfg'),
(19, 'naskooooo222', 'b001ae43a7f86b361a43cae2525cffc75be2acc5', 'kasjfgksdjfa', 'kfsjagkjvjfg'),
(21, 'naskooooo222', 'f118b4adf0ebe753a7f661a28ef538fd06602297', 'kasjfgksdjfa', 'kfsjagkjvjfg'),
(22, 'naskooooo222', '60fcba421b79ae86d8f800ab6f5a00b03329c629', 'kasjfgksdjfa', 'kfsjagkjvjfg'),
(23, 'naskooooo222', '613f7b136255b16fc9b22becaa834db4ff7081f5', 'kasjfgksdjfa', 'kfsjagkjvjfg'),
(24, 'naskooooo222', 'e38ab20387b93cf103467fa91283aabeb2233af0', 'kasjfgksdjfa', 'kfsjagkjvjfg'),
(28, 'naskooooooooooo', '34471cc719e620e3a0c695970e1c89cd7575fe35', 'sdlgndlsgl', 'sldfdslgsd'),
(29, 'peshooooooooo', 'peshooooooooo', 'peshooooooooo', 'peshooooooooo'),
(30, 'tonkoff', 'password', 'kita@abv.bg', 'Heloow');

--
-- Indexes for dumped tables
--

--
-- Indexes for table `blog`
--
ALTER TABLE `blog`
  ADD PRIMARY KEY (`id`),
  ADD UNIQUE KEY `id_UNIQUE` (`id`);

--
-- Indexes for table `blog_images`
--
ALTER TABLE `blog_images`
  ADD PRIMARY KEY (`id`),
  ADD UNIQUE KEY `id_UNIQUE` (`id`);

--
-- Indexes for table `categories`
--
ALTER TABLE `categories`
  ADD PRIMARY KEY (`id`),
  ADD UNIQUE KEY `id_UNIQUE` (`id`);

--
-- Indexes for table `clients`
--
ALTER TABLE `clients`
  ADD PRIMARY KEY (`id`),
  ADD UNIQUE KEY `id_UNIQUE` (`id`);

--
-- Indexes for table `comments`
--
ALTER TABLE `comments`
  ADD PRIMARY KEY (`Id`);

--
-- Indexes for table `contacts`
--
ALTER TABLE `contacts`
  ADD PRIMARY KEY (`id`);

--
-- Indexes for table `tours`
--
ALTER TABLE `tours`
  ADD PRIMARY KEY (`id`),
  ADD UNIQUE KEY `id_UNIQUE` (`id`);

--
-- Indexes for table `tours_images`
--
ALTER TABLE `tours_images`
  ADD PRIMARY KEY (`id`),
  ADD UNIQUE KEY `id_UNIQUE` (`id`);

--
-- Indexes for table `tours_info`
--
ALTER TABLE `tours_info`
  ADD PRIMARY KEY (`Id`);

--
-- Indexes for table `users`
--
ALTER TABLE `users`
  ADD PRIMARY KEY (`id`),
  ADD UNIQUE KEY `id_UNIQUE` (`id`);

--
-- AUTO_INCREMENT for dumped tables
--

--
-- AUTO_INCREMENT for table `blog`
--
ALTER TABLE `blog`
  MODIFY `id` int(11) NOT NULL AUTO_INCREMENT, AUTO_INCREMENT=36;
--
-- AUTO_INCREMENT for table `blog_images`
--
ALTER TABLE `blog_images`
  MODIFY `id` int(11) NOT NULL AUTO_INCREMENT, AUTO_INCREMENT=15;
--
-- AUTO_INCREMENT for table `categories`
--
ALTER TABLE `categories`
  MODIFY `id` int(11) NOT NULL AUTO_INCREMENT, AUTO_INCREMENT=19;
--
-- AUTO_INCREMENT for table `clients`
--
ALTER TABLE `clients`
  MODIFY `id` int(10) UNSIGNED NOT NULL AUTO_INCREMENT, AUTO_INCREMENT=26;
--
-- AUTO_INCREMENT for table `comments`
--
ALTER TABLE `comments`
  MODIFY `Id` int(11) NOT NULL AUTO_INCREMENT, AUTO_INCREMENT=42;
--
-- AUTO_INCREMENT for table `contacts`
--
ALTER TABLE `contacts`
  MODIFY `id` int(11) NOT NULL AUTO_INCREMENT, AUTO_INCREMENT=3;
--
-- AUTO_INCREMENT for table `tours`
--
ALTER TABLE `tours`
  MODIFY `id` int(11) NOT NULL AUTO_INCREMENT, AUTO_INCREMENT=74;
--
-- AUTO_INCREMENT for table `tours_images`
--
ALTER TABLE `tours_images`
  MODIFY `id` int(11) NOT NULL AUTO_INCREMENT, AUTO_INCREMENT=104;
--
-- AUTO_INCREMENT for table `tours_info`
--
ALTER TABLE `tours_info`
  MODIFY `Id` int(11) NOT NULL AUTO_INCREMENT, AUTO_INCREMENT=18;
--
-- AUTO_INCREMENT for table `users`
--
ALTER TABLE `users`
  MODIFY `id` int(11) NOT NULL AUTO_INCREMENT, AUTO_INCREMENT=31;
/*!40101 SET CHARACTER_SET_CLIENT=@OLD_CHARACTER_SET_CLIENT */;
/*!40101 SET CHARACTER_SET_RESULTS=@OLD_CHARACTER_SET_RESULTS */;
/*!40101 SET COLLATION_CONNECTION=@OLD_COLLATION_CONNECTION */;
